date,stock_id,name,decision,confidence,C_days,B_days,A_days,flow_status,cost_level,signal_type,adx,atr,vwap,kd_k,kd_d,bb_upper,bb_middle,bb_lower,B_quality,B_window_20,B_validity,B_phase,foreign_position,foreign_level,volume_ratio,foreign_cost,foreign_profit_pct,foreign_consecutive_buy,margin_change_5d,return_10d,bias_ma20,margin_consecutive_increase,margin_change_pct
2026-10-05,2317,鴻海,IGNORE,0,,,,,SAFE,,6.07,5.4538,248.5717,51.54,52.5,256.8974,251.45,246.0026,0,0,UNCERTAIN,PREPARE,5662448.0,HEAVY,1.6462164076196466,255.13,-0.44,,,1.3972055888223478,0.010141181149333933,,
2026-10-05,2330,台積電,IGNORE,0,,,,,SAFE,,18.58,44.3794,2374.0457,89.92,84.23,2554.7517,2457.5,2360.2483,0,0,UNCERTAIN,PREPARE,17946827.0,HEAVY,1.2037724212699308,2535.76,1.55,,,6.185567010309279,0.047812817904374416,,
2026-10-05,2454,聯發科,IGNORE,0,,,,,NEUTRAL,,30.02,224.8129,4105.3067,62.08,66.8,5347.9221,4806.5,4265.0779,0,0,UNCERTAIN,PREPARE,901986.0,HEAVY,0.922430196946043,4611.33,12.01,,,14.777777777777779,0.07458649745136792,,
2026-10-05,6438,迅得,IGNORE,0,,,,,HIGH_RISK,,32.01,5.4134,152.6367,97.03,91.67,169.7012,153.975,138.2488,0,0,UNCERTAIN,PREPARE,7488.0,LIGHT,1.945207743448961,155.96,7.4,,,15.120274914089338,0.08783893489202788,,
2026-10-05,3450,聯鈞,IGNORE,0,,,,,SAFE,,8.76,34.0841,517.5397,69.3,55.58,575.201,530.525,485.849,0,0,UNCERTAIN,PREPARE,21172.0,MEDIUM,1.642044434127557,,,,,4.380952380952374,0.032939069789359676,,
2026-10-05,6275,元山,IGNORE,0,,,,,SAFE,,36.54,1.2825,45.9692,89.27,74.85,48.1464,46.11,44.0736,0,0,UNCERTAIN,PREPARE,3163.0,LIGHT,0.5762804285295814,46.31,2.88,,-46.0,5.187637969094916,0.03339839514205156,,
2026-10-05,2495,普安,IGNORE,0,,,,,SAFE,,17.0,1.2814,41.1865,47.6,69.51,39.7485,37.875,36.0015,0,0,UNCERTAIN,PREPARE,22544.0,MEDIUM,0.8261851198997562,38.17,0.75,,,2.533333333333343,0.015181518151815343,,
2026-10-05,2340,台亞,IGNORE,0,,,,,HIGH_RISK,,32.56,2.4513,37.2269,98.73,94.81,46.3453,35.7275,25.1097,0,0,UNCERTAIN,PREPARE,69234.0,HEAVY,2.1424282879995507,40.87,23.08,,,52.6555386949924,0.40787908473864665,,
2026-10-05,8438,昶昕,IGNORE,0,,,,DISTRIBUTION,HIGH_RISK,,34.84,3.4031,71.7129,91.36,91.88,84.6653,72.805,60.9447,0,0,UNCERTAIN,PREPARE,2967.0,LIGHT,1.9160769159218902,67.3,20.35,,191.0,17.732558139534895,0.11256095048417025,,
2026-10-05,8422,可寧衛,IGNORE,0,1.0,0.0,0.0,NEUTRAL,SAFE,,4.31,0.7177,26.3492,6.36,10.49,26.625,25.925,25.225,0,0,UNCERTAIN,PREPARE,71988.0,HEAVY,1.2860222458984496,26.56,-4.76,,-115.0,-2.127659574468088,-0.024108003857280624,,
2026-10-05,3708,上緯投控,WAIT,0,6.0,7.0,0.0,NEUTRAL,SAFE,,15.18,2.6352,99.9151,53.3,66.84,101.542,97.91,94.278,21,7,UNCERTAIN,PREPARE,5862.0,LIGHT,1.1423730890849804,99.82,-3.53,,12.0,-0.2072538860103612,-0.01644367276069858,,
2026-10-05,9802,鈺齊-KY,IGNORE,0,8.0,,,,SAFE,,24.87,1.3422,70.4397,53.99,44.69,71.9741,65.86,59.7459,0,0,UNCERTAIN,PREPARE,83983.0,HEAVY,0.5194195043872952,67.79,-5.3,,,-1.984732824427482,-0.025204980261160026,,
2026-10-05,9904,寶成,IGNORE,0,,,,,SAFE,,10.25,0.3587,24.5015,43.7,66.23,25.1608,24.5975,24.0342,0,0,UNCERTAIN,PREPARE,784994.0,HEAVY,1.473772942201862,,,,,-2.0161290322580627,-0.012094725073686363,,
2026-10-05,9910,豐泰,IGNORE,0,1.0,0.0,0.0,,SAFE,,11.18,1.4404,69.2699,21.93,39.03,70.8414,68.71,66.5786,0,0,UNCERTAIN,PREPARE,56228.0,HEAVY,2.09332094225163,69.99,-4.7,,,-3.4732272069464387,-0.029253383786930653,,
2026-10-05,3551,世禾,IGNORE,0,5.0,0.0,4.0,,HIGH_RISK,,47.67,6.0828,186.4833,95.26,86.52,198.6251,181.15,163.6749,1,3,UNCERTAIN,PREPARE,6300.0,LIGHT,2.4761785742973874,191.05,4.16,,76.0,17.404129793510315,0.09853712393044445,,
2026-10-05,8091,翔名,WAIT,30,5.0,2.0,2.0,,HIGH_RISK,,60.1,8.5544,239.2305,92.06,82.6,234.4852,217.2,199.9148,8,4,UNCERTAIN,PREPARE,5705.0,LIGHT,5.217121971123711,235.4,1.95,,279.0,15.94202898550725,0.1049723756906078,,
2026-10-05,6423,億而得-創,IGNORE,0,,,,,HIGH_RISK,,34.62,3.606,85.3908,85.74,79.19,93.919,84.73,75.541,0,0,UNCERTAIN,PREPARE,1910.0,LIGHT,1.8729338615506477,,,,101.0,12.745098039215685,0.0858019591644048,,
2026-10-05,6854,錼創科技-KY創,IGNORE,0,6.0,8.0,0.0,,SAFE,,17.93,3.549,96.5441,76.35,77.48,96.0753,91.655,87.2347,24,8,UNCERTAIN,PREPARE,36980.0,MEDIUM,1.0094029062544638,93.29,-0.31,,,4.494382022471921,0.014674594948447917,,
2026-10-05,8162,微矽電子-創,IGNORE,0,,,,NEUTRAL,NEUTRAL,,24.96,2.7075,63.0581,91.21,88.27,68.3823,62.38,56.3777,0,0,UNCERTAIN,PREPARE,863.0,LIGHT,1.2221394375127148,63.56,5.25,,25.0,11.314475873544104,0.07245912151330569,,
2026-10-05,4749,新應材,WAIT,0,8.0,1.0,,,NEUTRAL,,40.66,34.4582,774.4195,87.06,69.82,821.9599,758.5,695.0401,1,2,UNCERTAIN,PREPARE,12617.0,MEDIUM,1.8871035354229877,769.32,4.77,,10.0,13.681241184767279,0.06262359920896499,,
2026-10-05,6187,萬潤,IGNORE,0,6.0,,,,HIGH_RISK,,38.09,84.48,1288.7083,80.05,57.5,1472.0973,1306.75,1141.4027,0,0,UNCERTAIN,PREPARE,33405.0,MEDIUM,1.8082266465318648,1346.72,10.64,,1203.0,21.63265306122448,0.14023340348192082,,
2026-10-05,6208,日揚,WAIT,0,10.0,1.0,,,SAFE,,43.86,2.0892,80.9285,86.56,71.04,83.9558,76.685,69.4142,0,1,UNCERTAIN,PREPARE,3276.0,LIGHT,1.0586424452300434,81.07,-1.44,,-3.0,9.302325581395365,0.041924757123296574,,
2026-10-05,5443,均豪,IGNORE,0,,,,,SAFE,,40.05,5.1246,108.6731,87.54,69.93,118.7442,109.75,100.7558,0,0,UNCERTAIN,PREPARE,25447.0,MEDIUM,0.8400330527007995,112.49,1.79,,-8.0,11.707317073170742,0.04328018223234631,,
2026-10-05,8383,千附,IGNORE,0,4.0,7.0,1.0,,SAFE,,23.97,2.4382,71.2492,95.93,87.2,69.5658,66.26,62.9542,21,7,UNCERTAIN,PREPARE,20097.0,MEDIUM,1.274817927416528,66.77,3.8,,-52.0,8.281249999999996,0.045879867189857926,,
2026-10-05,5314,世紀*,IGNORE,0,7.0,,,,NEUTRAL,,55.54,2.376,35.3119,38.01,26.93,41.7543,32.4875,23.2207,0,0,UNCERTAIN,PREPARE,49765.0,MEDIUM,2.0558082807217306,35.65,-19.5,,2311.0,-24.3741765480896,-0.11658330126971905,,
2026-10-05,6725,矽科宏晟,WAIT,0,11.0,1.0,,,SAFE,,57.09,7.7307,247.1738,87.74,70.51,235.9174,219.775,203.6326,0,1,UNCERTAIN,PREPARE,1672.0,LIGHT,1.1500291509088376,221.32,0.76,,-6.0,7.9903147699757815,0.014674098509839473,,
2026-10-05,2072,世紀風電,IGNORE,0,10.0,3.0,0.0,,SAFE,,31.41,3.4368,145.7015,63.27,64.03,135.3504,130.05,124.7496,9,3,UNCERTAIN,PREPARE,2398.0,LIGHT,1.369496208406316,129.94,-0.72,,,0.0,-0.008073817762399127,,
2026-10-05,7794,宏碁智新,IGNORE,0,4.0,9.0,0.0,,SAFE,,61.01,0.6145,30.9246,20.59,24.69,32.8401,30.25,27.6599,27,9,UNCERTAIN,PREPARE,420.0,LIGHT,0.5766302835135857,,,,,-5.1724137931034475,0.0,,
2026-10-05,7821,神數,IGNORE,0,1.0,0.0,0.0,,NEUTRAL,,31.95,0.6174,39.2356,0.85,3.26,41.2614,37.9625,34.6636,0,0,UNCERTAIN,PREPARE,681.0,LIGHT,0.8127765345502668,,,,,-9.29032258064516,-0.07408626934474816,,
2026-10-05,6472,保瑞,IGNORE,0,,,,,SAFE,,27.04,13.4707,425.9414,20.93,35.88,440.1728,418.375,396.5772,0,0,UNCERTAIN,PREPARE,16504.0,MEDIUM,0.5472475343273633,428.84,-1.94,,,-1.0588235294117676,0.00507917538093805,,
2026-10-05,4938,和碩,IGNORE,0,,,,,SAFE,,17.39,2.1856,88.8689,23.47,43.42,93.9341,90.705,87.4759,0,0,FAKE_B,PREPARE,828106.0,HEAVY,0.5284471609451842,89.98,-1.43,,,-1.8805309734513331,-0.022104624882862134,,
2026-08-03,5371,中光電,IGNORE,0,,,,,,,,6.5986,87.809,0.0,0.0,,,,0,0,UNCERTAIN,PREPARE,,NONE,,75.2,0.0,,-4458.0,-6.699751861042169,,,
2026-10-05,5269,祥碩,IGNORE,0,,,,,SAFE,,12.89,44.0266,1417.6559,48.37,53.58,1543.8608,1439.0,1334.1392,0,0,UNCERTAIN,PREPARE,7658.0,LIGHT,0.6864077665560596,1461.17,0.95,,,-0.33783783783783994,0.025017373175816537,,
2026-10-05,5271,紘通,IGNORE,0,4.0,2.0,,,SAFE,,21.16,1.0638,16.5037,30.73,47.4,14.4422,11.0955,7.7488,6,2,UNCERTAIN,PREPARE,,NONE,0.920699186970262,11.34,-0.81,,,20.320855614973276,0.013924564012437468,,
2026-10-05,6465,威潤,IGNORE,0,1.0,0.0,0.0,,NEUTRAL,,41.01,1.6773,48.9098,42.15,39.12,49.0903,43.6025,38.1147,0,0,UNCERTAIN,PREPARE,1055.0,LIGHT,1.6205099937357494,46.25,-11.68,,20.0,-1.9207683073229176,-0.06312711427097084,,
2026-10-05,5272,笙科,WAIT,35,5.0,4.0,3.0,,SAFE,,49.94,0.3517,17.8045,88.63,79.07,17.9606,17.1175,16.2744,13,5,UNCERTAIN,PREPARE,1880.0,LIGHT,0.9077150585114304,16.84,6.27,,19.0,6.547619047619024,0.045713451146487394,,
2026-10-05,6589,台康生技,IGNORE,0,,,,,SAFE,,19.7,1.8349,49.3622,29.76,53.11,54.8177,50.0875,45.3573,0,0,UNCERTAIN,PREPARE,16440.0,MEDIUM,0.6778841817662256,50.6,0.21,,,-0.9765625,0.012228599950087515,,
2026-10-05,6505,台塑化,IGNORE,0,,,,,HIGH_RISK,,47.12,4.724,79.8114,90.02,88.37,100.3156,87.41,74.5044,0,0,UNCERTAIN,PREPARE,647322.0,HEAVY,0.7529275894504066,87.99,12.05,,,14.38515081206495,0.12801738931472362,,
2026-10-05,5243,乙盛-KY,IGNORE,0,,,,,SAFE,,9.31,3.09,88.9139,92.52,80.96,95.8452,90.3,84.7548,0,0,UNCERTAIN,PREPARE,88364.0,HEAVY,1.944880774063881,89.36,7.1,,,7.770270270270285,0.05980066445182741,,
2026-10-05,5244,弘凱,IGNORE,0,,,,NEUTRAL,SAFE,,19.92,1.0711,33.8944,69.18,61.7,37.7123,35.34,32.9677,0,0,UNCERTAIN,PREPARE,2198.0,LIGHT,1.8682489519092944,34.18,9.56,,-114.0,5.641748942172065,0.05970571590266016,,
2026-10-05,5425,台半,IGNORE,0,,,,,HIGH_RISK,,22.33,4.9809,95.5417,97.0,89.82,103.0338,94.37,85.7062,0,0,UNCERTAIN,PREPARE,57293.0,HEAVY,1.9339604694078054,97.41,8.31,,1178.0,17.09211986681465,0.11794002331249342,,
2026-10-05,5248,景傳,IGNORE,0,6.0,,,,SAFE,,15.1,2.2098,38.8948,73.68,53.97,37.9328,32.8075,27.6822,0,0,UNCERTAIN,PREPARE,,NONE,1.1151947847565782,31.7,2.03,,,-0.7668711656441674,-0.013944982092509384,,
2026-10-05,6488,環球晶,IGNORE,0,,,,,HIGH_RISK,,38.9,68.9269,981.8311,89.64,76.53,1139.9385,973.9,807.8615,0,0,UNCERTAIN,PREPARE,173641.0,HEAVY,1.643625140473093,1190.0,-0.84,,1556.0,31.11111111111111,0.21162336995584763,,
2026-10-05,5246,勵威,IGNORE,0,9.0,0.0,22.0,,HIGH_RISK,,49.0,16.5195,148.5456,94.26,87.38,182.45,152.425,122.4,0,0,UNCERTAIN,LATE,,NONE,1.1492453764023616,169.02,9.16,,,22.59136212624584,0.21043135968509086,,
2026-10-05,6462,神盾,IGNORE,0,,,,,SAFE,,29.09,3.3111,100.9492,79.25,76.42,106.2683,100.51,94.7517,0,0,UNCERTAIN,PREPARE,12439.0,MEDIUM,1.1254973633777108,104.44,-0.9,,188.0,5.28992878942014,0.029748283752860427,,
2026-10-05,6435,大中,IGNORE,0,8.0,0.0,,,HIGH_RISK,,32.33,13.2274,270.4659,94.45,84.47,274.9937,250.675,226.3563,1,2,UNCERTAIN,PREPARE,3370.0,LIGHT,4.134019095554707,261.35,5.8,,176.0,14.730290456431527,0.10302184102922096,,
2026-10-05,6434,達輝光電,IGNORE,0,6.0,0.0,,,HIGH_RISK,,17.54,1.0375,18.007,83.75,64.32,16.3231,14.745,13.1669,0,1,UNCERTAIN,PREPARE,,NONE,7.9623049491741344,14.9,19.46,,,23.18339100346021,0.20718887758562232,,
2026-10-05,6432,今展科,IGNORE,0,6.0,0.0,,,HIGH_RISK,,38.38,3.9865,71.1453,82.33,72.79,70.4771,60.08,49.6829,0,1,UNCERTAIN,PREPARE,1130.0,LIGHT,1.4255882567583065,69.8,-3.87,,138.0,27.324478178368096,0.11684420772303583,,
2026-10-05,5328,華容,WAIT,0,10.0,1.0,,,SAFE,,37.61,3.2158,64.4761,69.03,45.85,65.3858,57.06,48.7342,0,1,UNCERTAIN,PREPARE,9143.0,LIGHT,1.1153864007191405,58.4,-0.51,,540.0,7.592592592592595,0.01822642832106558,,
2026-10-05,5340,建榮,IGNORE,0,,,,,SAFE,,25.53,3.3168,81.3462,55.07,36.36,86.3448,82.375,78.4052,0,0,UNCERTAIN,PREPARE,101384.0,HEAVY,2.0105599569693076,82.77,3.3,,292.0,1.4234875444839812,0.03793626707132014,,
2026-10-05,5386,青雲,IGNORE,0,,,,,SAFE,,43.82,13.2713,281.6971,65.87,54.31,316.0447,278.45,240.8553,0,0,UNCERTAIN,PREPARE,674.0,LIGHT,0.38984261874757437,292.46,-0.67,,106.0,-3.8079470198675525,0.043275273837313666,,
2026-10-05,6426,統新,IGNORE,0,,,,,SAFE,,42.51,25.0709,287.2833,39.64,52.64,405.7117,338.2,270.6883,0,0,FAKE_B,PREPARE,4414.0,LIGHT,0.8761314468801208,327.85,9.05,,,-1.5151515151515138,0.057066824364281565,,
2026-10-05,6441,廣錠,IGNORE,0,,,,,NEUTRAL,,39.85,1.0844,24.1542,92.35,84.37,26.7675,23.475,20.1825,0,0,UNCERTAIN,PREPARE,1176.0,LIGHT,1.3638142211629067,,,,30.0,2.258726899383978,0.06070287539936081,,
2026-10-05,5388,中磊,IGNORE,0,14.0,,,,SAFE,,26.96,1.5723,82.6424,19.47,25.92,75.2016,72.59,69.9784,0,0,UNCERTAIN,PREPARE,32193.0,MEDIUM,0.7893237794557468,,,,,-2.976995940460081,-0.012260641961702734,,
2026-10-05,5351,鈺創,IGNORE,0,,,,,SAFE,,33.54,5.3503,104.508,80.98,67.16,121.6243,111.625,101.6257,0,0,UNCERTAIN,PREPARE,107348.0,HEAVY,1.1848592624151189,114.53,-0.46,,785.0,7.547169811320753,0.02127659574468077,,
2026-10-05,5347,世界,IGNORE,0,4.0,0.0,8.0,,HIGH_RISK,,56.6,7.568,159.1226,95.14,94.43,189.7343,163.175,136.6157,2,5,UNCERTAIN,LATE,613644.0,HEAVY,1.0030185054076026,169.01,8.87,,402.0,15.36050156739812,0.1276237168683927,,
2026-10-05,6425,易發,IGNORE,0,,,,,HIGH_RISK,,36.92,3.8777,69.2269,86.61,83.36,81.0746,67.42,53.7654,0,0,UNCERTAIN,PREPARE,2987.0,LIGHT,1.0419585224267969,74.0,3.51,,126.0,25.368248772504074,0.13616137644615822,,
2026-10-05,6442,光聖,IGNORE,0,,,,,NEUTRAL,,13.49,100.3443,1530.983,57.29,30.66,1797.6945,1598.0,1398.3055,0,0,UNCERTAIN,PREPARE,26204.0,MEDIUM,1.825143108975478,1579.99,7.91,,,12.913907284768221,0.0669586983729662,,
2026-10-05,5297,廣化,IGNORE,0,11.0,8.0,2.0,,HIGH_RISK,,22.53,5.9498,95.8961,77.75,55.09,84.6961,75.705,66.7139,26,10,UNCERTAIN,PREPARE,,NONE,2.56177611955188,80.37,6.75,,,17.053206002728505,0.13334654250049516,,
2026-10-05,5292,華懋,IGNORE,0,,,,,HIGH_RISK,,34.16,8.7395,205.9575,95.26,86.36,241.0328,221.65,202.2672,0,0,UNCERTAIN,PREPARE,1724.0,LIGHT,2.598098279846401,236.53,4.43,,,14.087759815242485,0.11436950146627556,,
2026-10-05,5291,邑昇,IGNORE,0,,,,,SAFE,,34.06,3.4646,64.5746,80.26,56.38,73.012,62.85,52.688,0,0,UNCERTAIN,PREPARE,3866.0,LIGHT,0.6809931766394793,65.17,-1.03,,-18.0,12.173913043478258,0.026252983293556076,,
2026-10-05,5289,宜鼎,IGNORE,0,8.0,,,,NEUTRAL,,25.05,52.8934,1396.5121,61.22,43.83,1487.1648,1340.25,1193.3352,0,0,UNCERTAIN,PREPARE,17393.0,MEDIUM,0.8389103982407332,,,,132.0,0.3875968992248069,-0.03376235776907288,,
2026-10-05,6456,GIS-KY,IGNORE,0,,,,,HIGH_RISK,,26.62,5.2785,78.9318,92.53,89.89,96.0403,73.89,51.7397,0,0,UNCERTAIN,PREPARE,160421.0,HEAVY,1.4995619463817182,79.87,13.43,,,39.17050691244239,0.22614697523345506,,
2026-10-05,5284,jpp-KY,IGNORE,0,13.0,,,,SAFE,,6.01,10.8714,307.3491,57.06,53.42,321.4786,301.875,282.2714,0,0,UNCERTAIN,PREPARE,27573.0,MEDIUM,0.8755456374076047,300.91,0.03,,,2.555366269165238,-0.0028985507246376274,,
2026-10-05,6443,元晶,IGNORE,0,6.0,0.0,,,HIGH_RISK,,25.02,1.3391,27.3941,80.09,84.31,30.3423,25.8475,21.3527,0,0,UNCERTAIN,PREPARE,58977.0,HEAVY,1.0372212791596953,,,,,18.736842105263165,0.09101460489409052,,
2026-10-05,6446,藥華藥,IGNORE,0,9.0,,,,SAFE,,19.23,59.9093,1316.7612,46.64,39.87,1376.8824,1226.75,1076.6176,0,0,UNCERTAIN,PREPARE,91844.0,HEAVY,0.47156523832185254,1190.0,0.0,,,-0.4184100418409997,-0.029957203994293913,,
2026-10-05,5309,系統電,IGNORE,0,7.0,0.0,,,HIGH_RISK,,41.83,3.1562,57.6017,95.07,83.47,65.3424,54.47,43.5976,0,0,UNCERTAIN,PREPARE,35339.0,MEDIUM,3.0506024675633974,60.19,11.48,,2571.0,36.382113821138184,0.23187075454378525,,
2026-10-05,6449,鈺邦,IGNORE,0,5.0,1.0,,,SAFE,,9.07,12.252,230.7384,66.42,46.01,236.7647,218.775,200.7853,0,1,UNCERTAIN,PREPARE,4653.0,LIGHT,1.2726326775777959,221.4,2.53,,,7.328605200945626,0.03759570334818885,,
2026-10-05,5392,能率,IGNORE,0,10.0,,,,NEUTRAL,,52.0,1.2522,45.1664,38.87,34.41,47.2417,41.5375,35.8333,0,0,UNCERTAIN,PREPARE,5679.0,LIGHT,0.7750987984343681,47.73,-17.87,,92.0,-1.2594458438287104,-0.056274450797472175,,
2026-10-05,4973,廣穎,IGNORE,0,6.0,,,,NEUTRAL,,41.4,4.4149,148.1013,58.87,37.42,157.638,142.5,127.362,0,0,UNCERTAIN,PREPARE,4543.0,LIGHT,0.6836295626937687,138.5,-0.36,,-6.0,0.0,-0.03157894736842104,,
2026-10-05,6555,榮炭,IGNORE,0,6.0,,,,NEUTRAL,,30.67,0.7335,18.1821,50.65,36.01,15.7576,13.6625,11.5674,0,0,UNCERTAIN,PREPARE,,NONE,1.4769682074955315,13.08,0.18,,,-7.092198581560282,-0.04117108874656905,,
2026-10-05,4968,立積,IGNORE,0,4.0,2.0,4.0,,NEUTRAL,,27.38,2.6985,96.9838,89.67,90.8,100.5479,92.415,84.2821,10,6,UNCERTAIN,PREPARE,3955.0,LIGHT,1.4536305337322424,93.11,6.43,,,8.187772925764204,0.07233674187090844,,
2026-10-05,6559,研晶,IGNORE,0,6.0,6.0,0.0,,SAFE,,18.3,1.6326,20.7897,42.72,53.21,18.8548,16.8375,14.8202,23,11,UNCERTAIN,PREPARE,,NONE,0.7056402366918966,,,,,6.521739130434767,0.018559762435040872,,
2026-10-05,4976,佳凌,WAIT,5,13.0,1.0,,NEUTRAL,SAFE,,26.69,1.4098,37.4546,67.26,49.79,38.1269,36.29,34.4531,0,1,UNCERTAIN,PREPARE,4993.0,LIGHT,2.147577698409605,38.57,-3.03,,142.0,4.178272980501396,0.030586938550564824,,
2026-10-05,6547,高端疫苗,IGNORE,0,,,,,SAFE,,30.32,2.9064,62.158,48.0,53.42,64.9865,61.4,57.8135,0,0,UNCERTAIN,PREPARE,32930.0,MEDIUM,0.3249903289110367,62.28,-3.02,,172.0,3.9586919104991347,-0.016286644951140072,,
2026-10-05,6548,長科*,IGNORE,0,,,,,NEUTRAL,,19.29,3.4288,72.8661,74.09,57.62,76.8467,72.735,68.6233,0,0,UNCERTAIN,PREPARE,54419.0,HEAVY,3.1119795708506413,76.38,2.12,,352.0,7.883817427385886,0.07238605898123351,,
2026-10-05,4979,華星光,IGNORE,0,,,,,SAFE,,32.59,38.921,554.9873,80.05,64.55,639.6398,577.45,515.2602,0,0,UNCERTAIN,PREPARE,26237.0,MEDIUM,0.2280160303608832,561.19,6.56,,-572.0,9.323583180987205,0.035587496752965464,,
2026-10-05,4977,眾達-KY,IGNORE,0,,,,,SAFE,,20.19,8.1387,158.6131,73.57,60.24,182.7398,172.3,161.8602,0,0,UNCERTAIN,PREPARE,13805.0,MEDIUM,1.387440567134917,171.4,2.1,,,1.1560693641618602,0.015670342426001183,,
2026-10-05,6584,南俊國際,IGNORE,0,3.0,,,,NEUTRAL,,35.43,26.5837,600.3806,17.61,11.58,678.8203,580.55,482.2797,0,0,UNCERTAIN,PREPARE,8705.0,LIGHT,1.1001237718584276,638.05,-15.21,,161.0,-0.5514705882352922,-0.06812505382826628,,
2026-10-05,4967,十銓,IGNORE,0,,,,,SAFE,,10.96,7.1437,262.0788,23.89,38.24,282.2716,274.475,266.6784,0,0,UNCERTAIN,PREPARE,9021.0,LIGHT,1.0366918043357918,275.25,-2.09,,,-0.5535055350553542,-0.01812551234174342,,
2026-10-05,4989,榮科,IGNORE,0,12.0,0.0,,,HIGH_RISK,,16.17,3.0981,69.8661,87.75,73.28,66.0515,61.205,56.3585,0,0,UNCERTAIN,PREPARE,6495.0,LIGHT,5.586469266888023,66.59,5.42,,,17.19532554257095,0.14696511722898453,,
2026-10-05,6563,映智,IGNORE,0,4.0,0.0,14.0,,HIGH_RISK,,35.25,1.626,26.3096,76.88,82.63,27.2522,22.3025,17.3528,4,8,UNCERTAIN,LATE,,NONE,0.46155743468456634,24.95,0.0,,,22.60442260442259,0.11870866494787569,,
2026-10-05,4956,光鋐,IGNORE,0,,,,,HIGH_RISK,,40.93,3.0862,41.0083,81.54,84.11,51.3622,39.8775,28.3928,0,0,UNCERTAIN,PREPARE,11147.0,MEDIUM,1.0160776143160863,46.0,-0.99,,,17.548387096774178,0.14224813491317168,,
2026-10-05,4958,臻鼎-KY,IGNORE,0,,,,,HIGH_RISK,,13.8,28.5994,500.6705,90.33,74.65,553.0155,496.5,439.9845,0,0,UNCERTAIN,PREPARE,585847.0,HEAVY,1.7914075675147199,542.47,6.18,,,21.00840336134453,0.16012084592145026,,
2026-10-05,4949,有成精密,IGNORE,0,,,,,HIGH_RISK,,21.43,3.1239,74.6033,86.62,74.61,80.6739,75.755,70.8361,0,0,UNCERTAIN,PREPARE,2809.0,LIGHT,4.6165346706112,77.54,6.39,,,12.092391304347828,0.08903702725892693,,
2026-10-05,4966,譜瑞-KY,WAIT,0,6.0,5.0,0.0,,SAFE,,36.26,15.6363,587.99,94.82,84.08,599.5904,562.55,525.5096,15,5,UNCERTAIN,PREPARE,31179.0,MEDIUM,0.8511838310421912,574.0,0.0,,24.0,6.890130353817514,0.020353746333659384,,
2026-10-05,4961,天鈺,IGNORE,0,,,,,SAFE,,26.08,6.1494,171.7195,73.71,74.68,190.2697,178.5,166.7303,0,0,UNCERTAIN,PREPARE,31580.0,MEDIUM,0.7663356438437463,175.93,4.59,,,1.6574585635359185,0.03081232492997188,,
2026-10-05,6568,宏觀,IGNORE,0,4.0,9.0,8.0,,SAFE,,43.73,5.3062,136.5864,62.87,77.42,145.3615,136.5,127.6385,30,12,UNCERTAIN,LATE,3269.0,LIGHT,1.4398206690424187,,,,-23.0,1.85185185185186,0.0073260073260073,,
2026-10-05,4960,誠美材,IGNORE,0,5.0,0.0,,,HIGH_RISK,,22.37,1.1352,21.3262,85.52,85.76,25.37,22.0525,18.735,0,0,UNCERTAIN,PREPARE,108262.0,HEAVY,1.0289223409556645,24.32,-1.3,,,9.090909090909083,0.08831198276839358,,
2026-10-05,5222,全訊,IGNORE,0,4.0,10.0,0.0,,SAFE,,12.63,2.5909,114.0128,65.02,69.68,108.2332,104.675,101.1168,30,10,UNCERTAIN,PREPARE,3144.0,LIGHT,1.1625154384520378,106.35,-0.8,,,1.9323671497584627,0.00788153809410086,,
2026-10-05,6509,聚和,IGNORE,0,,,,,NEUTRAL,,41.07,1.0794,46.9062,96.38,88.07,49.7902,46.86,43.9298,0,0,UNCERTAIN,PREPARE,24925.0,MEDIUM,1.4604487524414709,49.9,0.0,,180.0,10.398230088495563,0.0648740930431071,,
2026-10-05,6588,東典光電,IGNORE,0,,,,,SAFE,,40.27,6.8886,101.9714,51.88,54.15,118.8684,110.15,101.4316,0,0,UNCERTAIN,PREPARE,1486.0,LIGHT,0.4014095226532545,110.58,0.83,,-200.0,4.20560747663552,0.01225601452564673,,
2026-10-05,5228,鈺鎧,IGNORE,0,,,,,HIGH_RISK,,30.83,2.4115,44.1038,78.63,56.88,46.7876,41.3725,35.9574,0,0,UNCERTAIN,PREPARE,1525.0,LIGHT,6.820352973774213,44.59,7.08,,384.0,20.88607594936709,0.15414828690555304,,
2026-10-05,6530,創威,IGNORE,0,,,,,SAFE,,61.22,4.753,90.4773,72.91,82.86,105.0307,95.71,86.3893,0,0,UNCERTAIN,PREPARE,1491.0,LIGHT,0.5175331078015829,97.9,0.62,,-31.0,8.480176211453738,0.02915055898025276,,
2026-10-05,5009,榮剛,WAIT,25,9.0,3.0,0.0,,SAFE,,19.45,0.6576,33.1949,68.27,62.48,33.9446,32.7475,31.5504,9,3,UNCERTAIN,PREPARE,88301.0,HEAVY,1.4786470878399165,32.6,-0.46,,149.0,1.883830455259039,-0.009084662951370337,,
2026-10-05,6586,醣基,IGNORE,0,10.0,0.0,,,HIGH_RISK,,28.2,7.2556,103.9024,71.53,65.78,123.286,106.55,89.814,0,0,UNCERTAIN,PREPARE,,NONE,1.8542911415939034,114.54,5.2,,,14.218009478672977,0.13092444861567332,,
2026-10-05,6536,碩豐,IGNORE,0,,,,,HIGH_RISK,,23.57,2.056,22.4001,95.06,91.95,40.1068,22.7825,5.4582,0,0,UNCERTAIN,PREPARE,,NONE,0.004250002125001063,,,,,113.45565749235473,0.5318775375836715,,
2026-10-05,6531,愛普*,IGNORE,0,,,,,HIGH_RISK,,11.26,63.5344,884.9866,71.19,57.37,1044.263,960.7,877.137,0,0,UNCERTAIN,PREPARE,54916.0,HEAVY,1.3985587727941824,908.66,16.1,,,14.67391304347827,0.09815759342146357,,
2026-10-05,6532,瑞耘,IGNORE,0,,,,,HIGH_RISK,,56.56,5.7828,99.6368,82.39,81.37,118.7639,99.93,81.0961,0,0,UNCERTAIN,PREPARE,6956.0,LIGHT,1.3072656135794656,92.7,20.81,,516.0,19.78609625668448,0.12078454918442927,,
2026-10-05,6533,晶心科,IGNORE,0,5.0,0.0,,,HIGH_RISK,,32.86,18.313,276.1396,85.11,84.58,357.6008,272.65,187.6992,1,2,UNCERTAIN,PREPARE,8499.0,LIGHT,1.4821119190486647,318.26,5.57,,,33.59840954274353,0.2323491655969192,,
2026-10-05,4939,亞電,IGNORE,0,6.0,,,,NEUTRAL,,31.16,5.3865,79.3075,47.02,32.74,94.5278,82.225,69.9222,0,0,UNCERTAIN,PREPARE,13351.0,MEDIUM,0.4949946495118712,82.95,-5.25,,970.0,-2.481389578163773,-0.04408634843417447,,
2026-10-05,6205,詮欣,IGNORE,0,,,,,HIGH_RISK,,27.59,3.7474,67.5089,87.48,82.72,76.1511,66.78,57.4089,0,0,UNCERTAIN,PREPARE,1157.0,LIGHT,1.0465788354061996,66.67,8.9,,,14.69194312796207,0.08715184186882285,,
2026-10-05,6206,飛捷,IGNORE,0,,,,,SAFE,,15.26,4.4468,138.3415,22.31,40.44,142.8819,138.325,133.7681,0,0,UNCERTAIN,PREPARE,28403.0,MEDIUM,0.6551061991660879,143.82,-4.39,,,-2.8268551236749095,-0.005964214711729587,,
2026-10-05,6207,雷科,IGNORE,0,,,,,HIGH_RISK,,40.12,9.0967,120.4124,96.61,89.26,150.6119,119.025,87.4381,0,0,UNCERTAIN,PREPARE,9635.0,LIGHT,1.561902969552858,121.55,25.05,,2841.0,42.72300469483567,0.2770426381012392,,
2026-10-05,6202,盛群,WAIT,45,7.0,1.0,3.0,,SAFE,,19.06,2.1326,60.8682,81.81,83.79,62.3248,57.515,52.7052,2,4,UNCERTAIN,PREPARE,38313.0,MEDIUM,2.8064699948899987,59.91,1.49,,,11.970534069981586,0.057115535077805646,,
2026-10-05,6197,佳必琪,IGNORE,0,,,,,HIGH_RISK,,14.95,11.1912,316.0012,97.06,91.09,343.0766,313.575,284.0734,0,0,UNCERTAIN,PREPARE,6260.0,LIGHT,1.7864253883889616,318.87,8.19,,,13.300492610837434,0.10021525950729493,,
2026-10-05,6125,廣運,IGNORE,0,,,,,SAFE,,19.97,1.5227,51.1999,80.54,66.1,52.3891,49.7725,47.1559,0,0,UNCERTAIN,PREPARE,29075.0,MEDIUM,1.0074434378250325,49.49,1.63,,36.0,4.033092037228525,0.010598221909688954,,
2026-10-05,6117,迎廣,IGNORE,0,6.0,7.0,0.0,,SAFE,,11.64,1.3945,64.649,89.64,76.83,63.5849,61.885,60.1851,21,7,UNCERTAIN,PREPARE,1178.0,LIGHT,1.2243818914341817,61.57,1.51,,,2.6272577996715896,0.009937787832269729,,
2026-10-05,6196,帆宣,IGNORE,0,,,,,HIGH_RISK,,24.32,27.0129,524.3919,95.83,90.48,634.5515,547.0,459.4485,0,0,UNCERTAIN,PREPARE,45863.0,MEDIUM,1.701258972489331,531.24,27.81,,,31.589147286821696,0.24131627056672755,,
2026-10-05,6209,今國光,IGNORE,0,,,,,HIGH_RISK,,28.36,3.8335,77.056,95.08,85.68,85.6475,80.025,74.4025,0,0,UNCERTAIN,PREPARE,7699.0,LIGHT,2.1081989370565464,84.91,3.52,,,12.692307692307692,0.09840674789128401,,
2026-10-05,6223,旺矽,IGNORE,0,4.0,4.0,0.0,,SAFE,,49.85,332.0072,5201.8509,44.24,34.15,5830.6044,5358.25,4885.8956,17,9,UNCERTAIN,PREPARE,30825.0,MEDIUM,0.7897138202405505,5144.28,7.3,,61.0,-1.3404825737265424,0.03018709466710212,,
2026-10-05,6218,豪勉,IGNORE,0,,,,,HIGH_RISK,,79.08,3.0926,49.1639,89.01,94.43,70.4952,51.39,32.2848,0,0,UNCERTAIN,PREPARE,5889.0,LIGHT,0.5300867237731071,49.25,24.67,,-8.0,37.053571428571445,0.19478497762210534,,
2026-10-05,6213,聯茂,IGNORE,0,,,,NEUTRAL,HIGH_RISK,,27.4,40.9181,457.194,97.29,90.57,699.4323,560.75,422.0677,0,0,UNCERTAIN,PREPARE,77466.0,HEAVY,1.111211844829839,499.52,50.35,,-368.0,51.717171717171716,0.33927775300936247,,
2026-10-05,6104,創惟,IGNORE,0,10.0,,,,SAFE,,47.21,2.1986,99.0911,62.32,56.37,100.8523,93.33,85.8077,0,0,UNCERTAIN,PREPARE,19777.0,MEDIUM,1.0632889458271675,92.3,-1.73,,-4.0,0.7777777777777883,-0.028179577842065706,,
2026-10-05,6214,精誠,IGNORE,0,,,,,SAFE,,27.71,3.5032,168.6092,15.82,25.86,193.9612,189.025,184.0888,0,0,UNCERTAIN,PREPARE,48761.0,MEDIUM,0.2753204172920002,169.77,11.03,,,-2.3316062176165775,-0.0027774103954503193,,
2026-10-05,6215,和椿,IGNORE,0,,,,,SAFE,,7.93,2.897,100.4077,51.57,45.2,99.8113,97.59,95.3687,0,0,UNCERTAIN,PREPARE,5952.0,LIGHT,1.350549279482732,98.22,-0.42,,,-0.20408163265306367,0.0021518598217029616,,
2026-10-05,6217,中探針,IGNORE,0,,,,,SAFE,,18.69,11.8175,174.3433,89.6,72.8,193.8561,174.075,154.2939,0,0,UNCERTAIN,PREPARE,28850.0,MEDIUM,0.6871550678961399,170.35,4.49,,53.0,10.559006211180133,0.022547752405572385,,
2026-10-05,6127,九豪,IGNORE,0,8.0,0.0,,,HIGH_RISK,,44.19,3.0333,53.2517,89.94,77.16,57.2132,50.1725,43.1318,0,0,UNCERTAIN,PREPARE,4792.0,LIGHT,2.0155082754369396,57.69,0.18,,244.0,21.812434141201244,0.15202551198365644,,
2026-10-05,6179,亞通,IGNORE,0,,,,,SAFE,,57.61,2.0995,33.2886,29.31,45.88,41.3323,33.985,26.6377,0,0,UNCERTAIN,PREPARE,22583.0,MEDIUM,0.5188132544320148,37.57,-4.84,,-627.0,3.9244186046511587,0.05193467706341037,,
2026-10-05,6155,鈞寶,IGNORE,0,,,,,HIGH_RISK,,18.8,3.5188,62.556,91.7,84.34,70.5774,59.535,48.4926,0,0,UNCERTAIN,PREPARE,6399.0,LIGHT,1.7342501569663886,71.0,0.0,,,27.927927927927932,0.19257579575039885,,
2026-10-05,6182,合晶,IGNORE,0,,,,,HIGH_RISK,,36.53,9.1862,122.6588,92.4,88.31,133.1568,114.35,95.5432,0,0,UNCERTAIN,PREPARE,124998.0,HEAVY,1.3774618186710028,135.0,-2.59,,10088.0,27.053140096618367,0.14997813729777,,
2026-10-05,6177,達麗,IGNORE,0,1.0,0.0,0.0,,NEUTRAL,,12.99,1.0535,47.6226,6.82,12.78,48.9777,47.115,45.2523,0,0,UNCERTAIN,PREPARE,31657.0,MEDIUM,1.1914016051281147,47.8,-5.24,,,-4.931794333683104,-0.03852276345113015,,
2026-10-05,6176,瑞儀,IGNORE,0,,,,,SAFE,,13.37,2.3186,87.3129,37.46,33.43,95.2027,91.895,88.5873,0,0,UNCERTAIN,PREPARE,114283.0,HEAVY,0.5058141464854492,91.95,0.38,,,-1.177730192719495,0.0044072038739864094,,
2026-10-05,6166,凌華,IGNORE,0,6.0,0.0,,,NEUTRAL,,24.4,6.5411,133.937,69.64,78.77,138.7907,120.825,102.8593,0,0,UNCERTAIN,PREPARE,42515.0,MEDIUM,0.624798298837234,128.38,0.87,,,15.625,0.07179805503827841,,
2026-10-05,6168,宏齊,IGNORE,0,,,,,HIGH_RISK,,54.03,2.4952,35.4771,96.58,96.2,52.1387,37.1925,22.2463,0,0,UNCERTAIN,PREPARE,27218.0,MEDIUM,2.133942483060304,40.33,16.78,,,33.23903818953325,0.26638435168380714,,
2026-10-05,6163,華電網,WAIT,45,7.0,4.0,1.0,,SAFE,,22.88,1.6209,41.6254,91.06,84.05,43.7882,41.2775,38.7668,13,5,UNCERTAIN,PREPARE,13598.0,MEDIUM,5.035506353972326,40.88,6.17,,1483.0,10.292249047013978,0.05142026527769361,,
2026-10-05,6173,信昌電,IGNORE,0,,,,,SAFE,,45.25,24.0158,259.7635,33.4,53.17,336.0694,281.175,226.2806,0,0,UNCERTAIN,PREPARE,24831.0,MEDIUM,0.5798728725667092,302.59,-3.5,,-5945.0,-0.5110732538330498,0.03849915533031023,,
2026-10-05,6174,安碁,WAIT,30,6.0,1.0,3.0,,HIGH_RISK,,33.75,2.8673,45.0528,96.64,89.14,54.9936,45.645,36.2964,2,4,UNCERTAIN,PREPARE,4844.0,LIGHT,1.6556937121737851,53.13,13.86,,438.0,47.5609756097561,0.325446379669186,,
2026-10-05,6175,立敦,WAIT,5,10.0,1.0,,,SAFE,,45.9,3.2214,78.0758,69.34,48.46,77.4509,71.695,65.9391,0,1,UNCERTAIN,PREPARE,32784.0,MEDIUM,2.1677053381553733,75.89,-0.91,,369.0,8.513708513708519,0.048887649068972694,,
2026-10-05,6126,信音,IGNORE,0,4.0,5.0,1.0,,HIGH_RISK,,58.46,0.8441,31.1879,84.57,73.46,32.4842,30.1,27.7158,16,6,UNCERTAIN,PREPARE,6003.0,LIGHT,7.127765418815224,30.24,10.44,,417.0,15.771230502599654,0.10963455149501655,,
2026-10-05,6188,廣明,IGNORE,0,9.0,,,,NEUTRAL,,86.97,1.3984,68.2456,42.31,32.62,69.4836,63.95,58.4164,0,0,UNCERTAIN,PREPARE,40373.0,MEDIUM,1.4938521098789654,62.4,-1.28,,163.0,-1.2820512820512775,-0.036747458952306467,,
2026-10-05,6190,萬泰科,IGNORE,0,,,,,HIGH_RISK,,26.78,2.4111,70.1651,93.94,84.7,74.2951,69.035,63.7749,0,0,UNCERTAIN,PREPARE,33206.0,MEDIUM,4.297762340522765,70.03,10.53,,824.0,17.272727272727284,0.12117042080104312,,
2026-10-05,6191,精成科,IGNORE,0,,,,,SAFE,,9.95,1.9427,85.1902,91.27,81.52,85.3224,83.005,80.6876,0,0,UNCERTAIN,PREPARE,23858.0,MEDIUM,2.2164471314663334,83.93,2.35,,,4.5012165450121655,0.03487741702307079,,
2026-10-05,6133,金橋,IGNORE,0,,,,,HIGH_RISK,,35.75,1.5051,26.2609,88.75,85.92,30.9301,25.885,20.8399,0,0,UNCERTAIN,PREPARE,8423.0,LIGHT,1.159238478486614,27.2,7.54,,,12.284069097888683,0.12999806837937022,,
2026-10-05,6147,頎邦,IGNORE,0,,,,,HIGH_RISK,,41.93,13.4749,178.5506,76.58,85.52,229.8233,198.725,167.6267,0,0,UNCERTAIN,PREPARE,244537.0,HEAVY,0.7950511590258105,200.59,7.68,,-193.0,14.28571428571428,0.08692917348094098,,
2026-10-05,6141,柏承,IGNORE,0,,,,,SAFE,,27.69,2.9448,46.1755,64.62,66.17,54.3177,50.98,47.6423,0,0,UNCERTAIN,PREPARE,5740.0,LIGHT,0.8356545166841851,48.47,5.63,,,3.4343434343434343,0.004315417810906386,,
2026-10-05,6139,亞翔,IGNORE,0,7.0,1.0,3.0,,NEUTRAL,,12.81,30.4673,778.2807,93.63,82.56,785.511,735.75,685.989,1,3,UNCERTAIN,PREPARE,51310.0,HEAVY,1.5686713758971964,,,,,13.505747126436773,0.073734284743459,,
2026-10-05,6284,佳邦,IGNORE,0,4.0,3.0,1.0,,SAFE,,36.51,3.1396,80.6238,83.87,64.2,81.9708,77.46,72.9492,9,3,UNCERTAIN,PREPARE,13129.0,MEDIUM,2.6092605852576525,79.81,0.49,,336.0,6.084656084656093,0.03537309579137604,,
2026-10-05,6285,啟碁,IGNORE,0,6.0,5.0,1.0,,NEUTRAL,,12.34,8.7348,242.5955,91.07,82.33,247.905,232.3,216.695,16,6,UNCERTAIN,PREPARE,114377.0,HEAVY,2.679145182343033,237.41,5.09,,,10.154525386313473,0.0740421868273784,,
2026-10-05,5498,凱崴,IGNORE,0,,,,,SAFE,,23.29,2.4551,52.3956,72.16,51.97,57.9367,52.5325,47.1283,0,0,UNCERTAIN,PREPARE,13254.0,MEDIUM,3.0416700016303513,54.43,0.69,,351.0,8.946322067594426,0.043163755770237344,,
2026-10-05,6290,良維,IGNORE,0,,,,,NEUTRAL,,32.47,12.9935,251.7558,94.08,87.94,285.1013,264.275,243.4487,0,0,UNCERTAIN,PREPARE,36745.0,MEDIUM,0.8742801097563021,277.0,1.62,,285.0,8.269230769230763,0.06517831803992058,,
2026-10-05,6291,沛亨,IGNORE,0,,,,,SAFE,,42.01,30.7559,437.9654,49.69,64.81,532.9381,465.5,398.0619,0,0,UNCERTAIN,PREPARE,1799.0,LIGHT,0.44548887169965024,494.76,-1.37,,-8.0,4.608788853161849,0.04833512352309355,,
2026-10-05,6282,康舒,IGNORE,0,7.0,7.0,0.0,,SAFE,,13.1,1.3011,48.6838,87.73,78.12,44.6215,43.21,41.7985,21,7,UNCERTAIN,PREPARE,96217.0,HEAVY,1.9056260469030364,44.2,0.57,,,3.9766081871345005,0.028697060865540358,,
2026-10-05,5522,遠雄,WAIT,25,5.0,8.0,0.0,NEUTRAL,SAFE,,8.42,1.0781,64.0322,12.72,24.11,64.1347,61.625,59.1153,24,8,FAKE_B,PREPARE,31826.0,MEDIUM,1.235005275210802,,,,-419.0,-0.9884678747940745,-0.024746450304259593,,
2026-10-05,6278,台表科,IGNORE,0,,,,,HIGH_RISK,,23.97,9.5909,184.8559,96.21,90.69,227.4946,200.025,172.5554,0,0,UNCERTAIN,PREPARE,55460.0,HEAVY,2.130570492871875,207.28,6.14,,,19.565217391304344,0.09986251718535177,,
2026-10-05,6415,矽力*-KY,IGNORE,0,8.0,6.0,0.0,,SAFE,,10.96,20.2413,446.2349,57.32,45.43,441.0599,418.675,396.2901,19,7,UNCERTAIN,PREPARE,315893.0,HEAVY,1.086912272687181,429.48,2.91,,,7.542579075425793,0.055711470711172106,,
2026-10-05,5469,瀚宇博,IGNORE,0,,,,,NEUTRAL,,15.02,1.8873,59.1797,87.25,72.91,76.617,73.2,69.783,0,0,UNCERTAIN,PREPARE,37676.0,MEDIUM,3.1184587855838397,75.41,3.97,,,7.397260273972606,0.0710382513661203,,
2026-10-05,5457,宣德,IGNORE,0,5.0,,,,NEUTRAL,,75.03,0.8186,27.421,34.43,21.32,29.1162,25.6125,22.1088,0,0,UNCERTAIN,PREPARE,47000.0,MEDIUM,1.1751513031486551,24.37,-1.52,,130.0,-2.0408163265306145,-0.06295754026354317,,
2026-10-05,5452,佶優,WAIT,30,6.0,3.0,2.0,,HIGH_RISK,,26.25,0.8063,27.7807,87.75,75.06,29.2799,27.2325,25.1851,10,4,UNCERTAIN,PREPARE,21514.0,MEDIUM,6.879224696511655,,,,257.0,16.05415860735009,0.10162489672266561,,
2026-10-05,6414,樺漢,IGNORE,0,9.0,0.0,,,NEUTRAL,,21.16,13.4876,429.8055,92.29,81.58,407.7486,381.6,355.4514,0,1,UNCERTAIN,PREPARE,64677.0,HEAVY,1.040865957162955,412.62,-1.24,,,9.690444145356668,0.06787211740041932,,
2026-10-05,6405,悅城,IGNORE,0,5.0,0.0,,,SAFE,,22.18,2.8203,42.5012,40.93,62.97,47.3087,41.0175,34.7263,1,2,UNCERTAIN,PREPARE,3569.0,LIGHT,2.153319325308715,42.32,-0.99,,,1.3301088270858408,0.021515206923873986,,
2026-10-05,5483,中美晶,IGNORE,0,,,,,HIGH_RISK,,38.63,11.2667,190.5324,91.68,89.44,213.3926,187.125,160.8574,0,0,UNCERTAIN,PREPARE,185699.0,HEAVY,1.6920684540974829,221.5,-3.16,,56.0,21.52974504249292,0.14629258517034072,,
2026-10-05,6407,相互,IGNORE,0,1.0,0.0,0.0,,NEUTRAL,,17.3,1.0273,30.6968,11.67,12.0,25.7657,23.0075,20.2493,0,0,UNCERTAIN,PREPARE,,NONE,0.933896724657891,,,,,-3.9911308203991247,-0.05900249918504841,,
2026-10-05,6412,群電,IGNORE,0,12.0,5.0,0.0,,SAFE,,16.59,1.3422,79.6081,89.15,77.98,76.5749,74.575,72.5751,15,5,UNCERTAIN,PREPARE,20541.0,MEDIUM,1.3590464214142628,74.24,1.16,,,1.4864864864864824,0.00703989272544403,,
2026-10-05,5475,德宏,IGNORE,0,,,,,SAFE,,25.84,14.0275,184.7701,78.6,60.93,205.3814,184.875,164.3686,0,0,UNCERTAIN,PREPARE,5923.0,LIGHT,1.114697585916764,179.77,2.35,,0.0,4.545454545454541,-0.0047329276538201626,,
2026-10-05,6244,茂迪,WAIT,25,6.0,5.0,0.0,,SAFE,,35.58,0.8242,23.9413,79.41,77.66,24.832,23.2675,21.703,15,5,UNCERTAIN,PREPARE,89503.0,HEAVY,1.945892397472488,24.1,-3.53,,305.0,5.203619909502266,-0.0007521220586655941,,
2026-10-05,6245,立端,IGNORE,0,7.0,0.0,5.0,,NEUTRAL,,34.27,2.5467,83.395,95.06,91.29,91.405,83.6,75.795,2,5,UNCERTAIN,LATE,20013.0,MEDIUM,0.9095434594581358,85.81,3.84,,143.0,4.210526315789465,0.06578947368421062,,
2026-10-05,5871,中租-KY,IGNORE,0,1.0,0.0,0.0,,NEUTRAL,,14.98,2.0558,113.8224,1.95,3.43,115.8078,110.15,104.4922,0,0,FAKE_B,PREPARE,760310.0,HEAVY,0.6200804471697602,,,,,-5.803571428571431,-0.042215161143894786,,
2026-10-05,6239,力成,IGNORE,0,,,,,SAFE,,12.7,13.4331,280.5469,79.36,79.35,303.3308,283.425,263.5192,0,0,UNCERTAIN,PREPARE,234507.0,HEAVY,1.7943237438758382,,,,,8.378870673952644,0.04966040398694527,,
2026-10-05,6231,系微,IGNORE,0,4.0,0.0,,,NEUTRAL,,56.7,10.5041,224.9184,85.26,78.35,248.4276,222.425,196.4224,0,1,UNCERTAIN,PREPARE,9864.0,LIGHT,1.175531369543897,232.99,1.29,,38.0,13.461538461538458,0.06103180847476675,,
2026-10-05,6234,高僑,IGNORE,0,,,,,NEUTRAL,,31.2,1.7844,37.5969,89.01,84.66,40.6711,36.315,31.9589,0,0,UNCERTAIN,PREPARE,12447.0,MEDIUM,1.4272764509174742,,,,-25.0,14.771048744460845,0.06980586534489897,,
2026-10-05,6270,倍微,WAIT,25,7.0,4.0,4.0,,SAFE,,35.59,0.93,32.5767,86.96,83.16,31.1694,29.27,27.3706,13,5,UNCERTAIN,PREPARE,4423.0,LIGHT,1.6109340128266278,29.37,2.99,,40.0,7.843137254901955,0.03348138025281866,,
2026-10-05,6271,同欣電,IGNORE,0,,,,,SAFE,,26.31,8.5569,210.6442,88.58,79.72,238.2026,228.1,217.9974,0,0,UNCERTAIN,PREPARE,67529.0,HEAVY,1.1448782428768707,228.27,4.48,,,6.000000000000005,0.045594037702761936,,
2026-10-05,6274,台燿,IGNORE,0,,,,,HIGH_RISK,,31.8,110.1338,1440.1894,94.72,84.33,1664.6877,1449.25,1233.8123,0,0,UNCERTAIN,PREPARE,89794.0,HEAVY,1.5701925996141162,1422.47,25.13,,2110.0,26.241134751773053,0.22822149387614288,,
2026-10-05,5536,聖暉*,IGNORE,0,4.0,3.0,7.0,,HIGH_RISK,,47.43,37.0211,947.7354,94.24,86.51,961.7065,876.05,790.3935,14,8,UNCERTAIN,LATE,52416.0,HEAVY,3.0430854964554497,884.2,7.89,,134.0,12.367491166077738,0.08897893955824454,,
2026-10-05,5534,長虹,IGNORE,0,1.0,0.0,0.0,,NEUTRAL,,15.05,1.1549,77.1094,7.43,16.91,76.8383,74.24,71.6417,0,0,FAKE_B,PREPARE,27701.0,MEDIUM,3.2368537948135887,,,,,-3.4946236559139865,-0.03286637931034475,,
2026-10-05,6269,台郡,IGNORE,0,,,,,SAFE,,11.48,2.8665,66.7979,68.77,64.05,68.4731,65.495,62.5169,0,0,UNCERTAIN,PREPARE,44926.0,MEDIUM,0.7610146016552998,67.06,-2.93,,,2.19780219780219,-0.006030994732422301,,
2026-10-05,6257,矽格,IGNORE,0,,,,,HIGH_RISK,,25.7,13.6638,224.341,95.89,90.09,271.2374,231.2,191.1626,0,0,UNCERTAIN,PREPARE,153533.0,HEAVY,1.558155813316868,238.0,9.24,,,16.85393258426966,0.12456747404844304,,
2026-10-05,5439,高技,IGNORE,0,,,,,SAFE,,19.52,13.1123,253.4308,88.43,72.08,274.2329,255.2,236.1671,0,0,UNCERTAIN,PREPARE,22534.0,MEDIUM,1.2649577084077666,257.95,1.18,,-192.0,5.882352941176472,0.022727272727272707,,
2026-10-05,6261,久元,WAIT,0,7.0,5.0,0.0,,SAFE,,26.55,2.3203,79.1097,83.8,78.29,81.5979,77.895,74.1921,15,5,UNCERTAIN,PREPARE,18382.0,MEDIUM,1.0360615831210704,78.9,-1.01,,-11.0,5.970149253731338,0.002631747865716738,,
2026-10-05,6265,方土昶,IGNORE,0,,,,,NEUTRAL,,45.1,2.0845,53.8962,63.77,45.96,59.1355,51.41,43.6845,0,0,UNCERTAIN,PREPARE,9731.0,LIGHT,0.8306933109427758,50.1,-2.1,,334.0,-0.3048780487804992,-0.045905465862672745,,
2026-10-05,6831,邁科,IGNORE,0,4.0,,,,NEUTRAL,,26.33,29.3362,598.2653,18.14,9.84,599.3644,525.575,451.7856,0,0,UNCERTAIN,PREPARE,9412.0,LIGHT,0.9115539804097812,493.17,-0.85,,,-6.857142857142861,-0.06959044855634311,,
2026-10-05,7887,宇川精材,IGNORE,0,11.0,19.0,10.0,,SAFE,,20.94,7.3487,196.8147,41.39,54.43,174.2728,158.725,143.1772,53,15,UNCERTAIN,LATE,,NONE,1.0138762894197983,162.25,0.77,,,10.472972972972983,0.030083477713025664,,
2026-10-05,7899,景美,IGNORE,0,27.0,1.0,,,NEUTRAL,,34.58,23.2635,436.9612,72.31,73.69,436.4776,392.375,348.2724,1,2,UNCERTAIN,PREPARE,,NONE,1.5394277922754462,409.35,2.85,,,11.968085106382986,0.07295316979929911,,
2026-10-05,7853,政美應用,IGNORE,0,8.0,5.0,23.0,,HIGH_RISK,,38.38,24.649,353.3879,89.37,92.26,445.6934,359.75,273.8066,15,5,UNCERTAIN,LATE,,NONE,2.4380715235274892,394.42,8.13,,,23.62318840579709,0.18554551772063932,,
2026-10-05,7871,安立璽榮-KY,IGNORE,0,,,,,SAFE,,54.81,11.6418,111.4745,32.23,50.36,172.2033,150.2,128.1967,0,0,FAKE_B,PREPARE,,NONE,0.6024272505080421,139.34,6.93,,,6.428571428571428,-0.00798934753661773,,
2026-10-05,8048,德勝,WAIT,0,8.0,5.0,0.0,,SAFE,,36.34,1.2541,51.6689,94.45,82.34,53.1119,50.325,47.5381,15,5,UNCERTAIN,PREPARE,3472.0,LIGHT,1.0898701817393885,50.36,1.87,,-1.0,6.542056074766345,0.019374068554396384,,
2026-10-05,8054,安國,IGNORE,0,,,,,SAFE,,44.8,2.9952,86.6881,86.27,87.48,89.7699,84.125,78.4801,0,0,UNCERTAIN,PREPARE,5453.0,LIGHT,1.3042556729520314,87.02,0.32,,76.0,5.818181818181811,0.037741456166418885,,
2026-10-05,8058,耐特,IGNORE,0,8.0,17.0,5.0,,HIGH_RISK,,31.2,4.6649,97.6305,95.21,85.76,111.4736,98.605,85.7364,45,11,UNCERTAIN,LATE,,NONE,2.1398783990116046,104.37,8.27,,,20.469083155650324,0.14598651184017042,,
2026-10-05,8064,東捷,IGNORE,0,,,,,HIGH_RISK,,38.24,8.3831,119.9231,86.96,87.79,153.7469,122.25,90.7531,0,0,UNCERTAIN,PREPARE,23883.0,MEDIUM,0.8373640284765026,127.6,6.97,,-389.0,20.264317180616743,0.1165644171779141,,
2026-10-05,8069,元太,IGNORE,0,5.0,,,,SAFE,,79.78,5.153,164.3081,34.11,19.2,159.5426,148.35,137.1574,0,0,UNCERTAIN,PREPARE,462919.0,HEAVY,1.2159660766724885,146.45,0.03,,1155.0,0.6872852233676952,-0.012470508931580637,,
2026-10-05,8070,長華*,IGNORE,0,,,,ACCUMULATING,SAFE,,8.22,1.462,50.1359,78.21,62.54,51.1986,49.9975,48.7964,0,0,UNCERTAIN,PREPARE,80298.0,HEAVY,2.8991005934262297,50.65,2.07,,-59.0,3.1936127744510934,0.03405170258512924,,
2026-10-05,8074,鉅橡,IGNORE,0,10.0,,,,HIGH_RISK,,33.26,2.223,55.6918,86.11,66.34,58.9598,52.94,46.9202,0,0,UNCERTAIN,PREPARE,4876.0,LIGHT,5.970136713233809,56.53,1.37,,316.0,14.829659318637267,0.08235738571968265,,
2026-10-05,8076,伍豐,IGNORE,0,10.0,,,,SAFE,,48.02,0.4345,23.3176,59.63,56.0,23.4181,21.9625,20.5069,0,0,UNCERTAIN,PREPARE,18812.0,MEDIUM,1.5446696943048026,21.85,-2.06,,104.0,-0.9259259259259411,-0.025611838360842354,,
2026-10-05,8046,南電,IGNORE,0,,,,,HIGH_RISK,,20.35,88.947,1178.133,97.91,92.41,1470.5408,1173.0,875.4592,0,0,UNCERTAIN,PREPARE,85931.0,HEAVY,1.2886363796336515,1206.94,23.87,,,40.375586854460096,0.27450980392156854,,
2026-10-05,8045,達運光電,IGNORE,0,5.0,2.0,0.0,,NEUTRAL,,23.83,2.3029,56.357,82.92,79.32,57.8026,52.1075,46.4124,9,5,UNCERTAIN,PREPARE,1469.0,LIGHT,1.031282637887303,54.61,1.63,,,1.6483516483516425,0.06510579091301638,,
2026-10-05,8011,台通,IGNORE,0,4.0,10.0,0.0,,SAFE,,25.09,0.3099,16.4491,46.67,49.48,16.3678,15.805,15.2422,30,10,UNCERTAIN,PREPARE,4617.0,LIGHT,0.9618928450862974,16.06,0.27,,,1.8987341772152,0.018664979436887164,,
2026-10-05,8016,矽創,WAIT,10,7.0,7.0,0.0,NEUTRAL,SAFE,,7.85,7.4784,302.9852,96.58,89.54,294.8537,282.975,271.0963,21,7,UNCERTAIN,PREPARE,56377.0,HEAVY,0.9078100435730337,291.99,0.52,,-150.0,6.340579710144922,0.03719409841858812,,
2026-10-05,8021,尖點,IGNORE,0,,,,,HIGH_RISK,,17.19,27.551,432.7163,99.23,96.59,542.9966,466.9,390.8034,0,0,UNCERTAIN,PREPARE,29303.0,MEDIUM,2.1120134660511196,498.37,12.37,,,24.444444444444446,0.199400299850075,,
2026-10-05,8027,鈦昇,IGNORE,0,6.0,0.0,,,HIGH_RISK,,33.78,12.6588,188.4571,91.1,81.81,214.4268,184.55,154.6732,0,0,UNCERTAIN,PREPARE,14547.0,MEDIUM,1.063694495667,210.08,-0.28,,888.0,26.204819277108427,0.13519371444053085,,
2026-10-05,8028,昇陽半導體,IGNORE,0,6.0,0.0,,,HIGH_RISK,,26.87,13.0278,277.6359,82.71,84.63,297.4169,253.125,208.8331,0,0,FAKE_B,PREPARE,23513.0,MEDIUM,0.902035677019093,,,,,15.368852459016402,0.11209876543209885,,
2026-10-05,8033,雷虎,WAIT,0,12.0,2.0,,,SAFE,,5.47,7.0957,196.8725,73.86,65.11,178.2275,172.025,165.8225,6,2,UNCERTAIN,PREPARE,7174.0,LIGHT,0.8674172033869811,172.29,0.41,,,2.9761904761904656,0.005667780845807213,,
2026-10-05,8034,榮群,IGNORE,0,,,,,SAFE,,21.61,0.5505,20.043,31.71,46.91,20.8481,20.02,19.1919,0,0,UNCERTAIN,PREPARE,4314.0,LIGHT,0.7604899106246912,20.25,-2.45,,1.0,0.0,-0.01348651348651364,,
2026-10-05,8038,長園科,IGNORE,0,5.0,2.0,1.0,,HIGH_RISK,,49.94,1.2622,35.157,93.66,84.54,34.9429,32.1425,29.3421,9,5,UNCERTAIN,PREPARE,569.0,LIGHT,1.699819599324424,31.44,12.59,,,17.999999999999993,0.10134557050633908,,
2026-10-05,8039,台虹,IGNORE,0,,,,,HIGH_RISK,,17.56,19.309,258.3625,81.74,63.27,317.5824,280.275,242.9676,0,0,FAKE_B,PREPARE,34882.0,MEDIUM,2.2079272885408674,,,,,18.093385214007785,0.0828650432610829,,
2026-10-05,8040,九暘,IGNORE,0,,,,,HIGH_RISK,,61.95,5.0231,86.9842,81.0,83.26,103.4925,82.96,62.4275,0,0,UNCERTAIN,PREPARE,3560.0,LIGHT,0.6138741341532274,92.07,2.1,,-58.0,20.358514724711906,0.1330761812921888,,
2026-10-05,8042,金山電,IGNORE,0,4.0,2.0,3.0,,SAFE,,41.26,8.1012,113.8592,73.73,62.02,122.4197,111.8,101.1803,9,5,UNCERTAIN,PREPARE,12536.0,MEDIUM,1.1493027944318313,118.59,-0.08,,798.0,6.756756756756754,0.059928443649373886,,
2026-10-05,8043,蜜望實,WAIT,0,10.0,1.0,,,SAFE,,31.27,8.2596,142.8561,74.86,55.05,149.1425,137.35,125.5575,0,1,UNCERTAIN,PREPARE,4675.0,LIGHT,0.7451841213884516,137.65,2.07,,-150.0,5.63909774436091,0.0229341099381144,,
2026-10-05,7763,崇舜,IGNORE,0,12.0,13.0,7.0,,HIGH_RISK,,27.18,8.9274,190.4073,86.08,75.91,185.1968,156.425,127.6532,36,10,UNCERTAIN,LATE,,NONE,1.9845197532571255,176.79,5.78,,,30.76923076923077,0.19546108358638326,,
2026-10-05,7769,鴻勁,IGNORE,0,3.0,,,,NEUTRAL,,13.08,320.4362,6217.817,19.59,11.68,6941.7768,6101.75,5261.7232,0,0,UNCERTAIN,PREPARE,35914.0,MEDIUM,0.7353145706395562,6257.28,-7.07,,,-5.215973920130401,-0.04699471463104843,,
2026-10-05,7772,耀穎,IGNORE,0,,,,,HIGH_RISK,,61.73,10.8176,149.2901,86.99,93.7,206.8044,136.375,65.9456,0,0,UNCERTAIN,PREPARE,248.0,LIGHT,4.748402029469653,136.76,22.48,,,32.93650793650793,0.22823098075160408,,
2026-10-05,7781,昕力資*,IGNORE,0,3.0,,,,SAFE,,11.79,0.973,28.1917,48.63,28.61,26.9652,25.2,23.4348,0,0,UNCERTAIN,PREPARE,,NONE,1.2423292301165072,24.88,-0.34,,,-0.9980039920159722,-0.015873015873015817,,
2026-10-05,7742,天弘化,IGNORE,0,5.0,0.0,,,HIGH_RISK,,19.27,8.213,135.8831,92.73,77.87,117.0334,105.16,93.2866,1,2,UNCERTAIN,PREPARE,,NONE,3.7733266282986846,111.27,8.75,,,20.999999999999996,0.15062761506276146,,
2026-10-05,7825,和亞智慧,IGNORE,0,,,,,,,,,90.1297,48.71,41.26,,,,0,0,UNCERTAIN,PREPARE,23.0,LIGHT,,,,,,-12.770562770562776,,,
2026-10-05,7795,長廣,IGNORE,0,,,,,HIGH_RISK,,21.09,34.1773,504.1134,85.97,70.33,567.5004,509.25,450.9996,0,0,UNCERTAIN,PREPARE,5171.0,LIGHT,1.0169468824139174,541.05,3.32,,,15.734989648033126,0.0976926853215514,,
2026-10-05,8086,宏捷科,IGNORE,0,11.0,0.0,,,HIGH_RISK,,37.47,5.3232,119.0071,90.75,75.15,125.4773,113.0,100.5227,0,0,UNCERTAIN,PREPARE,32243.0,MEDIUM,4.5867405428078545,112.94,14.22,,2898.0,22.274881516587676,0.1415929203539823,,
2026-10-05,8926,台汽電,IGNORE,0,,,,,SAFE,,8.82,1.2898,62.0748,54.82,53.97,60.0147,58.52,57.0253,0,0,UNCERTAIN,PREPARE,54569.0,HEAVY,0.7159202067429664,58.87,0.39,,,0.5102040816326703,0.009911141490088982,,
2026-10-05,8932,智通*,IGNORE,0,10.0,,,,SAFE,,40.25,5.2626,105.3548,69.15,69.89,99.916,92.45,84.984,0,0,UNCERTAIN,PREPARE,110987.0,HEAVY,0.629549687485508,,,,378.0,0.8830022075055233,-0.011357490535424564,,
2026-10-05,8936,國統,IGNORE,0,4.0,10.0,1.0,,SAFE,,60.47,0.7751,51.8985,90.37,86.54,53.1293,51.365,49.6007,30,10,UNCERTAIN,PREPARE,29541.0,MEDIUM,1.6793658599863297,51.04,4.04,,-247.0,4.117647058823537,0.033777864304487704,,
2026-10-05,9933,中鼎,IGNORE,0,,,,,HIGH_RISK,,20.84,1.3917,41.5582,70.25,50.24,45.1266,41.5875,38.0484,0,0,UNCERTAIN,PREPARE,196072.0,HEAVY,5.196696581842283,43.7,6.06,,,9.316037735849058,0.11451758340847618,,
2026-10-05,9938,百和,IGNORE,0,10.0,1.0,,,SAFE,,25.43,0.6816,43.7052,47.93,57.14,40.8179,38.6725,36.5271,0,1,UNCERTAIN,PREPARE,21982.0,MEDIUM,0.7649471657458718,,,,,-0.2631578947368429,-0.019975434740448716,,
2026-10-05,9939,宏全,IGNORE,0,6.0,,,,SAFE,,13.12,2.4712,130.09,39.95,21.43,130.4039,126.575,122.7461,0,0,UNCERTAIN,PREPARE,48509.0,MEDIUM,1.3842880643664857,133.73,-5.4,,,0.0,-0.0005925340707091387,,
2026-10-05,9941,裕融,IGNORE,0,1.0,0.0,0.0,,NEUTRAL,,23.87,1.4356,82.5297,0.89,3.41,82.7612,79.655,76.5488,0,0,UNCERTAIN,PREPARE,24844.0,MEDIUM,1.9041074302118535,82.75,-8.27,,,-5.947955390334569,-0.047140794677044684,,
2026-10-05,9945,潤泰新,IGNORE,0,,,,,SAFE,,21.86,0.6053,28.0653,31.38,53.6,29.9755,28.6675,27.3595,0,0,UNCERTAIN,PREPARE,239890.0,HEAVY,1.0417085388684673,28.33,1.13,,,-1.0362694300518172,-0.0006104473707159164,,
2026-10-05,9958,世紀鋼,WAIT,5,12.0,9.0,0.0,,SAFE,,14.16,2.2718,98.682,26.66,44.74,93.9276,91.255,88.5824,27,9,UNCERTAIN,PREPARE,24291.0,MEDIUM,0.7888802961030931,91.65,-2.01,,,-2.2850924918389692,-0.015944331817434598,,
2026-10-05,8996,高力,IGNORE,0,,,,,HIGH_RISK,,35.58,113.8128,1239.2108,63.36,71.08,1715.1753,1415.75,1116.3247,0,0,UNCERTAIN,PREPARE,21589.0,MEDIUM,0.368658629257794,1595.0,0.0,,,22.6923076923077,0.12661133674730718,,
2026-10-05,8431,匯鑽科,IGNORE,0,,,,,SAFE,,48.91,3.9192,61.1907,54.19,68.21,72.9559,61.57,50.1841,0,0,UNCERTAIN,PREPARE,3277.0,LIGHT,0.3212941085167173,66.17,-3.89,,-367.0,1.760000000000006,0.03297060256618467,,
2026-10-05,8121,越峰,IGNORE,0,5.0,0.0,,,HIGH_RISK,,61.24,1.7521,31.5002,85.64,82.72,34.2615,28.9225,23.5835,0,0,UNCERTAIN,PREPARE,4372.0,LIGHT,1.7244978157625885,32.42,0.25,,0.0,22.64150943396226,0.12369262684761018,,
2026-10-05,8131,福懋科,WAIT,15,6.0,8.0,2.0,,SAFE,,9.9,2.09,68.3772,96.56,89.43,64.5797,61.32,58.0603,24,8,UNCERTAIN,PREPARE,14242.0,MEDIUM,0.9185947556832835,62.91,0.95,,,7.445008460236879,0.0355512067840833,,
2026-10-05,8147,正淩,IGNORE,0,,,,,SAFE,,41.94,6.0933,133.2294,71.91,70.44,149.7417,135.1,120.4583,0,0,UNCERTAIN,PREPARE,8229.0,LIGHT,1.255774461626317,145.84,-2.97,,130.0,7.604562737642584,0.04737231680236875,,
2026-10-05,8150,南茂,IGNORE,0,,,,,HIGH_RISK,,31.67,7.3627,101.7725,92.75,90.04,126.4126,99.63,72.8474,0,0,UNCERTAIN,PREPARE,325844.0,HEAVY,1.9610984937941085,106.71,16.2,,,43.02191464821221,0.244605038642979,,
2026-10-05,8112,至上,WAIT,0,8.0,1.0,,,SAFE,,17.82,1.7914,89.1473,82.33,61.35,89.8526,84.545,79.2374,0,1,FAKE_B,PREPARE,69056.0,HEAVY,0.9416043188802152,93.79,-10.33,,,1.570048309178751,-0.005263469158436451,,
2026-10-05,8182,加高,IGNORE,0,7.0,0.0,4.0,,HIGH_RISK,,43.85,2.221,42.068,89.71,86.1,45.2115,40.3025,35.3935,1,3,UNCERTAIN,PREPARE,57968.0,HEAVY,2.9567521977568263,,,,323.0,19.78609625668448,0.1115935735996525,,
2026-10-05,8155,博智,IGNORE,0,5.0,,,,SAFE,,39.23,18.9633,347.117,37.32,29.56,378.3726,335.625,292.8774,0,0,UNCERTAIN,PREPARE,4566.0,LIGHT,0.9624699142060696,326.7,0.86,,-25.0,4.107424960505535,-0.018249534450651805,,
2026-10-05,8110,華東,IGNORE,0,5.0,0.0,,NEUTRAL,NEUTRAL,,23.9,2.0225,46.2726,49.79,61.43,53.1106,45.9475,38.7844,0,0,UNCERTAIN,PREPARE,6721.0,LIGHT,0.7833707255915269,49.95,-1.5,,-7.0,14.153132250580057,0.07078731160563678,,
2026-10-05,8088,品安,WAIT,0,10.0,1.0,,,SAFE,,59.15,1.3002,46.2269,82.68,68.42,46.0572,43.145,40.2328,0,1,UNCERTAIN,PREPARE,3279.0,LIGHT,1.0544600914710769,44.15,-0.33,,64.0,5.769230769230771,0.01981689651176266,,
2026-10-05,8096,擎亞,IGNORE,0,7.0,,,,NEUTRAL,,73.03,5.9913,121.412,71.05,47.24,115.3254,95.38,75.4346,0,0,UNCERTAIN,PREPARE,51227.0,HEAVY,0.8683339819312872,88.72,1.44,,-677.0,4.651162790697683,-0.056405955126860974,,
2026-10-05,8111,立碁,IGNORE,0,,,,,HIGH_RISK,,53.72,5.1414,69.3979,95.91,90.97,88.4601,74.03,59.5999,0,0,UNCERTAIN,PREPARE,10670.0,MEDIUM,2.6449209044639272,84.3,11.87,,51.0,33.38048090523338,0.2738079157098472,,
2026-10-05,8103,瀚荃,IGNORE,0,,,,,SAFE,,34.25,7.0838,112.0286,39.12,43.45,132.3986,120.625,108.8514,0,0,UNCERTAIN,PREPARE,15066.0,MEDIUM,0.7268937265045278,120.14,1.13,,,-7.954545454545459,0.007253886010362587,,
2026-10-05,8104,錸寶,WAIT,25,5.0,7.0,5.0,,SAFE,,23.5,0.7748,36.1715,70.47,79.04,32.3147,30.6225,28.9303,22,8,UNCERTAIN,LATE,2846.0,LIGHT,1.005580874448718,31.57,-0.7,,,4.152823920265791,0.023757041391133882,,
2026-10-05,8210,勤誠,IGNORE,0,4.0,,,NEUTRAL,SAFE,,14.73,34.8902,997.1629,40.93,34.03,959.6576,893.4,827.1424,0,0,FAKE_B,PREPARE,8319.0,LIGHT,3.191337651125915,,,,752.0,-0.11223344556677839,-0.003805686142825171,,
2026-10-05,8213,志超,IGNORE,0,,,,,SAFE,,22.13,0.7198,32.3642,74.88,77.22,34.3458,33.055,31.7642,0,0,UNCERTAIN,PREPARE,57186.0,HEAVY,0.7945062098136791,33.63,0.65,,,3.993855606758845,0.024050824383603286,,
2026-10-05,8358,金居,IGNORE,0,,,,,HIGH_RISK,,29.94,35.8051,478.7051,80.54,65.66,556.9536,508.975,460.9964,0,0,UNCERTAIN,PREPARE,72203.0,HEAVY,1.9985185089111324,510.67,11.62,,1408.0,10.038610038610042,0.11989783388182129,,
2026-10-05,8215,明基材,IGNORE,0,,,,,SAFE,,37.39,1.2025,27.1048,63.0,69.71,30.7222,27.025,23.3278,0,0,UNCERTAIN,PREPARE,6923.0,LIGHT,0.7833368047382276,28.88,-0.95,,,5.9259259259259345,0.05827937095282154,,
2026-10-05,8227,巨有科技,IGNORE,0,,,,,HIGH_RISK,,65.66,20.6062,239.2446,98.27,97.73,409.6328,247.5,85.3672,0,0,UNCERTAIN,PREPARE,6987.0,LIGHT,0.2032884746577653,264.27,38.49,,414.0,51.86721991701244,0.47878787878787876,,
2026-10-05,8240,華宏,IGNORE,0,,,,,HIGH_RISK,,51.17,3.0279,51.5407,84.39,76.76,60.5942,51.7875,42.9808,0,0,UNCERTAIN,PREPARE,6553.0,LIGHT,0.7240379954716496,57.38,1.08,,272.0,15.999999999999993,0.11996138064204676,,
2026-10-05,8261,富鼎,WAIT,40,8.0,4.0,3.0,,HIGH_RISK,,12.21,10.8777,211.1453,91.61,83.12,194.3604,175.775,157.1896,14,6,UNCERTAIN,PREPARE,8502.0,LIGHT,4.571769939415715,175.12,17.06,,,21.301775147928993,0.1662636893756222,,
2026-10-05,8271,宇瞻,IGNORE,0,13.0,,,NEUTRAL,SAFE,,11.48,6.2694,218.8669,26.3,21.81,220.855,206.275,191.695,0,0,FAKE_B,PREPARE,10649.0,MEDIUM,0.8555276834628402,230.95,-13.18,,-2054.0,-1.715686274509809,-0.027996606471942798,,
2026-10-05,8289,泰藝,IGNORE,0,,,,,HIGH_RISK,,34.54,2.76,49.4369,94.52,82.74,54.6139,45.9325,37.2511,0,0,UNCERTAIN,PREPARE,4653.0,LIGHT,8.212690150329454,50.48,13.31,,471.0,40.02447980416157,0.24530561149512864,,
2026-10-05,8299,群聯,IGNORE,0,,,,,SAFE,,28.14,96.7909,2019.4884,58.52,57.19,2238.5655,2073.25,1907.9345,0,0,UNCERTAIN,PREPARE,98055.0,HEAVY,0.6192591295890697,2088.2,0.56,,-83.0,8.52713178294573,0.012902447847582321,,
2026-10-05,6761,穩得,IGNORE,0,,,,,SAFE,,31.4,5.8198,181.3391,81.99,58.83,193.1099,171.725,150.3401,0,0,UNCERTAIN,PREPARE,1884.0,LIGHT,0.9446194447694727,176.47,-3.95,,18.0,4.629629629629628,-0.012956762265249666,,
2026-10-05,6770,力積電,IGNORE,0,,,,NEUTRAL,SAFE,,14.24,3.1663,69.704,87.27,83.51,77.0613,72.355,67.6487,0,0,UNCERTAIN,PREPARE,840821.0,HEAVY,0.9950024036977723,73.52,3.11,,-48.0,6.460674157303359,0.047612466311934165,,
2026-10-05,6781,AES-KY,WAIT,5,12.0,2.0,,NEUTRAL,SAFE,,14.44,30.7787,1078.0225,94.08,82.87,1091.9309,1026.3,960.6691,6,2,UNCERTAIN,PREPARE,59953.0,HEAVY,1.6152909287707293,1106.18,-5.08,,-383.0,5.421686746987953,0.02309266296404555,,
2026-10-05,6775,穎台科技,IGNORE,0,5.0,8.0,0.0,,SAFE,,43.29,2.2044,49.9008,48.22,55.22,43.4333,40.66,37.8867,25,9,UNCERTAIN,PREPARE,,NONE,0.6562569806598414,,,,,0.12499999999999734,-0.015002459419577119,,
2026-10-05,6787,晶瑞光,IGNORE,0,1.0,0.0,0.0,,NEUTRAL,,15.42,1.2045,34.1571,16.7,25.73,29.8243,27.4375,25.0507,0,0,UNCERTAIN,PREPARE,,NONE,0.5110128086841478,27.3,-4.41,,,-1.5094339622641506,-0.04874715261958995,,
2026-10-05,6753,龍德造船,IGNORE,0,11.0,3.0,0.0,,SAFE,,10.27,3.7436,146.0208,35.33,46.5,137.3043,133.55,129.7957,9,3,FAKE_B,PREPARE,2648.0,LIGHT,0.8713361423502883,132.51,-1.14,,,-1.5037593984962405,-0.019093972295020634,,
2026-10-05,6788,華景電,WAIT,0,8.0,1.0,,,HIGH_RISK,,23.3,14.1633,356.9626,90.2,73.3,383.9645,347.95,311.9355,1,2,UNCERTAIN,PREPARE,5547.0,LIGHT,3.2301536265773922,358.78,4.94,,25.0,15.490797546012281,0.08205201896824255,,
2026-10-05,6789,采鈺,IGNORE,0,,,,,SAFE,,19.04,19.088,468.0798,88.38,86.09,504.5723,464.075,423.5777,0,0,UNCERTAIN,PREPARE,14230.0,MEDIUM,0.9886649041937835,457.32,6.71,,,12.572087658592856,0.05155416689112746,,
2026-10-05,6818,連騰,IGNORE,0,6.0,0.0,6.0,,HIGH_RISK,,35.12,2.1736,58.1668,97.99,93.09,49.1655,43.5,37.8345,2,4,UNCERTAIN,LATE,,NONE,2.7137301824708344,50.2,0.0,,,19.809069212410503,0.15402298850574714,,
2026-10-05,6821,聯寶,IGNORE,0,10.0,0.0,,,HIGH_RISK,,38.63,1.7855,43.5877,83.01,70.85,45.1721,41.7375,38.3029,0,1,UNCERTAIN,PREPARE,880.0,LIGHT,5.249049726976559,43.78,3.92,,-26.0,12.34567901234569,0.09014675052410914,,
2026-10-05,6823,濾能,WAIT,0,6.0,5.0,0.0,,SAFE,,53.32,2.3505,63.6794,61.53,67.85,63.3917,60.6,57.8083,15,5,UNCERTAIN,PREPARE,7605.0,LIGHT,0.40296992557736433,60.56,0.4,,-26.0,2.7027027027026973,0.0033003300330032292,,
2026-10-05,4931,新盛力,IGNORE,0,,,,,SAFE,,28.42,13.3281,253.0616,89.23,77.47,270.0133,245.95,221.8867,0,0,UNCERTAIN,PREPARE,11807.0,MEDIUM,0.7916423962172218,251.88,-0.75,,435.0,7.9913606911447,0.016466761536897856,,
2026-10-05,6835,圓裕,IGNORE,0,4.0,11.0,1.0,NEUTRAL,SAFE,,16.46,0.8914,32.0162,61.52,56.19,31.9318,31.0125,30.0932,33,11,UNCERTAIN,PREPARE,3800.0,LIGHT,2.7729203310200496,31.17,2.67,,24.0,4.065040650406515,0.03184199919387343,,
2026-10-05,6805,富世達,IGNORE,0,,,,,NEUTRAL,,37.32,157.7658,1941.0776,50.1,62.29,2647.4577,2302.0,1956.5423,0,0,UNCERTAIN,PREPARE,12040.0,MEDIUM,1.742217057679818,2277.1,7.59,,,17.22488038277512,0.06429192006950468,,
2026-10-05,6812,梭特,IGNORE,0,25.0,5.0,2.0,,HIGH_RISK,,29.28,5.2504,70.5194,72.71,47.44,75.699,61.115,46.531,18,8,UNCERTAIN,PREPARE,,NONE,5.497136602134521,60.51,35.52,,,40.893470790378,0.3417327988218932,,
2026-10-05,6640,均華,WAIT,0,6.0,1.0,,,SAFE,,39.85,80.8116,1093.4822,71.96,47.46,1273.134,1126.0,978.866,0,1,UNCERTAIN,PREPARE,1387.0,LIGHT,0.8115972432143103,1076.24,8.25,,19.0,3.0973451327433565,0.03463587921847244,,
2026-10-05,6643,M31,IGNORE,0,10.0,0.0,,,HIGH_RISK,,47.14,27.8026,460.4406,90.72,86.41,539.3508,450.675,361.9992,0,0,UNCERTAIN,PREPARE,5977.0,LIGHT,0.8252664856118977,,,,62.0,20.80856123662307,0.12719809175126207,,
2026-10-05,6658,聯策,IGNORE,0,,,,,HIGH_RISK,,26.99,7.9711,169.5701,97.93,92.62,191.5124,175.625,159.7376,0,0,UNCERTAIN,PREPARE,1240.0,LIGHT,5.611465098613972,190.09,5.21,,,18.343195266272193,0.13879003558718872,,
2026-10-05,6659,天明製藥,IGNORE,0,6.0,23.0,0.0,,SAFE,,20.84,1.2683,20.4995,60.98,45.62,22.0683,20.5725,19.0767,56,13,UNCERTAIN,BUILD,,NONE,0.34925158402403544,20.19,2.78,,,1.9656019656019597,0.00862802284603248,,
2026-10-05,6603,富強鑫,IGNORE,0,7.0,0.0,,,NEUTRAL,,50.4,1.4051,27.0193,82.62,83.25,30.1831,26.6375,23.0919,0,1,UNCERTAIN,PREPARE,9632.0,LIGHT,1.7107029750236455,28.88,-2.02,,-113.0,9.26640926640927,0.06241201313937128,,
2026-10-05,6610,安成生技,IGNORE,0,4.0,0.0,7.0,,HIGH_RISK,,55.01,4.1638,36.7314,69.56,66.8,51.0025,42.7475,34.4925,1,3,UNCERTAIN,LATE,,NONE,3.6035762794645705,45.94,8.73,,,21.978021978021967,0.16848938534417224,,
2026-09-30,6618,永虹先進,IGNORE,0,3.0,,,,NEUTRAL,,55.05,1.5648,11.5377,7.15,4.44,24.1918,10.5375,-3.1168,0,0,UNCERTAIN,PREPARE,,NONE,1.412080458649651,7.31,-55.4,,,-75.85185185185186,-0.6906287069988137,,
2026-10-05,6620,漢達,IGNORE,0,,,,,HIGH_RISK,,62.24,9.7231,114.6646,82.36,75.93,163.6737,119.88,76.0863,0,0,UNCERTAIN,PREPARE,43782.0,MEDIUM,1.178697064101321,118.14,23.59,,1509.0,14.960629921259837,0.21788455121788441,,
2026-10-05,6664,群翊,IGNORE,0,4.0,0.0,,,HIGH_RISK,,27.93,13.8798,360.2892,93.47,80.29,386.5775,355.525,324.4725,0,0,UNCERTAIN,PREPARE,7120.0,LIGHT,2.1341156654847366,368.51,4.48,,-131.0,14.583333333333325,0.08290556219675138,,
2026-10-05,6695,芯鼎,IGNORE,0,4.0,0.0,5.0,NEUTRAL,SAFE,,26.54,1.9508,52.1681,77.67,85.41,55.9867,49.9425,43.8983,2,4,UNCERTAIN,LATE,3916.0,LIGHT,1.1795835508956738,52.65,0.09,,-50.0,6.357214934409705,0.05521349551984778,,
2026-10-05,6696,仁新,IGNORE,0,20.0,1.0,,,SAFE,,33.29,36.8396,240.2524,48.46,64.64,202.6234,175.3,147.9766,0,1,UNCERTAIN,PREPARE,,NONE,0.8954067027748807,171.5,0.0,,,2.3880597014925398,-0.02167712492869378,,
2026-10-05,6706,惠特,IGNORE,0,,,,NEUTRAL,NEUTRAL,,54.24,9.4299,137.7291,45.02,46.86,167.1776,142.875,118.5724,0,0,UNCERTAIN,PREPARE,3950.0,LIGHT,0.32238991581561227,154.66,-2.05,,-232.0,4.482758620689653,0.06036745406824151,,
2026-10-05,6693,廣閎科,IGNORE,0,,,,,HIGH_RISK,,50.95,13.5254,189.0305,87.66,85.94,224.0186,190.0,155.9814,0,0,UNCERTAIN,PREPARE,6614.0,LIGHT,0.996375259220985,186.06,15.82,,456.0,20.39106145251397,0.13421052631578956,,
2026-10-05,6715,嘉基,IGNORE,0,,,,,HIGH_RISK,,25.73,31.6986,399.4041,80.06,81.35,517.0555,401.375,285.6945,0,0,UNCERTAIN,PREPARE,1770.0,LIGHT,1.311343486090299,408.95,17.5,,,21.954314720812174,0.1971348489567113,,
2026-10-05,6667,信紘科,IGNORE,0,4.0,0.0,7.0,,HIGH_RISK,,67.16,8.5092,241.835,94.35,88.39,277.3441,243.525,209.7059,1,3,UNCERTAIN,LATE,2528.0,LIGHT,1.2721617545803585,254.36,3.98,,-76.0,7.959183673469394,0.08613078739349134,,
2026-10-05,6668,中揚光,IGNORE,0,,,,,NEUTRAL,,48.63,2.6615,44.2324,41.73,54.46,51.9041,44.9825,38.0609,0,0,UNCERTAIN,PREPARE,10655.0,MEDIUM,1.5831720956155393,45.22,6.7,,,7.70089285714286,0.07263935975101421,,
2026-10-05,6669,緯穎,IGNORE,0,2.0,,,NEUTRAL,NEUTRAL,,48.05,213.4824,3851.165,38.65,17.09,2502.3239,2221.0,1939.6761,0,0,UNCERTAIN,PREPARE,145847.0,HEAVY,0.7984083467166709,2142.47,0.35,,176.0,0.7025761124121788,-0.031967582170193576,,
2026-10-05,6672,騰輝電子-KY,IGNORE,0,,,,NEUTRAL,HIGH_RISK,,41.08,21.1627,301.5823,97.7,93.45,426.2429,325.725,225.2071,0,0,UNCERTAIN,PREPARE,23410.0,MEDIUM,1.6150040960662304,364.71,23.66,,-24.0,53.662691652470194,0.3846035766367333,,
2026-10-05,6673,和詮,IGNORE,0,6.0,12.0,0.0,,SAFE,,22.83,1.2084,17.7808,87.83,72.44,17.9006,16.245,14.5894,37,13,UNCERTAIN,PREPARE,,NONE,0.715802158979224,16.18,3.83,,,3.70370370370372,0.034164358264081374,,
2026-10-05,6682,華旭先進,IGNORE,0,5.0,6.0,5.0,,SAFE,,19.45,2.268,56.2655,68.95,65.13,40.249,36.3525,32.456,21,9,FAKE_B,LATE,,NONE,1.6555356256011373,,,,,4.279600570613407,0.005432913829860331,,
2026-10-05,6994,富威電力,IGNORE,0,13.0,,,,NEUTRAL,,45.36,1.4773,35.0991,74.78,51.47,36.3091,29.67,23.0309,0,0,UNCERTAIN,PREPARE,2728.0,LIGHT,3.2374699802392675,,,,,19.439252336448586,0.07684529828109188,,
2026-10-05,7402,邑錡,IGNORE,0,10.0,,,,NEUTRAL,,28.2,4.4947,116.4398,40.52,31.23,113.4411,103.1,92.7589,0,0,UNCERTAIN,PREPARE,2788.0,LIGHT,0.2867684432969489,116.44,-14.55,,-10.0,-1.9704433497536922,-0.03491755577109601,,
2026-10-05,7419,達勝,IGNORE,0,7.0,14.0,1.0,,SAFE,,6.6,3.5039,86.9215,72.22,60.56,53.4008,50.83,48.2592,45,17,UNCERTAIN,BUILD,,NONE,1.7248917457588604,52.4,0.96,,,7.1935157041539854,0.040723981900452566,,
2026-10-05,6959,兆捷科技,IGNORE,0,11.0,4.0,19.0,,HIGH_RISK,,47.58,6.3029,125.8991,86.48,83.56,142.6921,123.35,104.0079,13,5,UNCERTAIN,LATE,,NONE,2.4858288319865474,137.4,0.44,,,13.114754098360649,0.11876773408998798,,
2026-10-05,6962,奕力-KY,IGNORE,0,,,,,NEUTRAL,,19.03,0.8058,32.4662,95.93,88.09,33.552,31.6025,29.653,0,0,UNCERTAIN,PREPARE,185801.0,HEAVY,2.099495234292567,32.41,4.59,,,9.708737864077666,0.07269994462463392,,
2026-10-05,7707,益芯科,IGNORE,0,20.0,0.0,21.0,,NEUTRAL,,39.09,5.72,135.8641,81.66,83.22,136.3976,121.3,106.2024,2,5,UNCERTAIN,LATE,,NONE,0.5274285705004058,115.71,12.35,,,15.555555555555545,0.0717230008244023,,
2026-10-05,7712,博盛半導體,IGNORE,0,,,,,HIGH_RISK,,26.2,7.9641,158.264,93.17,84.46,173.6342,157.725,141.8158,0,0,UNCERTAIN,PREPARE,1913.0,LIGHT,2.253124934433342,158.12,11.31,,39.0,16.9435215946844,0.11586622285623727,,
2026-10-05,7719,碳基,IGNORE,0,1.0,0.0,0.0,,NEUTRAL,,21.83,2.4499,50.3452,11.87,20.53,50.4671,48.515,46.5629,0,0,UNCERTAIN,PREPARE,,NONE,1.9901539572058058,48.24,-3.6,,,-5.391658189216686,-0.04153354632587858,,
2026-10-05,7721,微程式,WAIT,0,5.0,9.0,0.0,,SAFE,,20.43,1.6644,63.2442,82.07,77.78,64.345,61.135,57.925,27,9,UNCERTAIN,PREPARE,824.0,LIGHT,0.48127654098571615,61.09,3.13,,,4.132231404958686,0.030506256645129515,,
2026-10-05,7530,鋒魁科技,IGNORE,0,7.0,29.0,1.0,,SAFE,,16.39,1.6253,39.9917,71.99,48.88,38.968,36.5375,34.107,67,18,TRUE_B,BUILD,,NONE,1.893217929891191,37.31,1.85,,,7.042253521126751,0.04002736914129312,,
2026-10-05,7558,群利科技,IGNORE,0,8.0,24.0,0.0,,SAFE,,44.06,0.5648,21.748,60.39,76.12,18.1636,17.5975,17.0314,63,19,UNCERTAIN,BUILD,,NONE,2.608058721028852,,,,,-3.08988764044944,-0.01974712317090499,,
2026-10-05,7590,怡和國際,IGNORE,0,11.0,,,,NEUTRAL,,20.37,0.6075,20.9207,23.81,32.19,16.6992,15.265,13.8308,0,0,UNCERTAIN,PREPARE,,NONE,1.5496484784429116,14.6,0.0,,,0.3436426116838476,-0.043563707828365605,,
2026-10-05,6842,瑞宇,IGNORE,0,10.0,31.0,0.0,,SAFE,,21.98,2.5433,94.9977,63.59,78.64,75.5361,72.385,69.2339,70,19,TRUE_B,MATURE,,NONE,5.073633906584418,72.43,-2.94,,,-1.1251758087201136,-0.028804310285280188,,
2026-10-05,6877,鏵友益,IGNORE,0,4.0,0.0,,,HIGH_RISK,,56.19,7.2031,126.1084,89.67,83.45,145.4003,121.05,96.6997,0,0,UNCERTAIN,PREPARE,3311.0,LIGHT,7.176257454971112,141.94,2.51,,56.0,29.910714285714278,0.2019826517967782,,
2026-10-05,6890,來億-KY,IGNORE,0,12.0,,,,SAFE,,12.05,4.1045,170.6335,45.28,42.47,165.0731,151.2,137.3269,0,0,UNCERTAIN,PREPARE,214100.0,HEAVY,0.4116022895179612,147.0,0.0,,,-0.3389830508474523,-0.02777777777777768,,
2026-10-05,6891,樂迦再生,IGNORE,0,8.0,18.0,4.0,,HIGH_RISK,,22.71,1.8531,48.3176,86.82,69.94,43.8552,39.725,35.5948,51,15,UNCERTAIN,BUILD,,NONE,4.879338315928721,44.14,4.44,,,14.534161490683228,0.16047828823159227,,
2026-10-05,6849,奇鼎科技,IGNORE,0,9.0,1.0,23.0,,SAFE,,34.54,12.2548,178.5172,67.23,56.01,209.8983,182.0,154.1017,1,2,UNCERTAIN,LATE,,NONE,0.7905874886676433,188.21,-0.64,,,-1.0582010582010581,0.027472527472527375,,
2026-10-05,6861,睿生光電,IGNORE,0,,,,,HIGH_RISK,,42.52,19.0282,245.7156,82.82,88.45,326.9379,242.075,157.2121,0,0,UNCERTAIN,PREPARE,290.0,LIGHT,0.7470208874308065,295.5,0.0,,,41.38755980861244,0.22069606526902819,,
2026-10-05,6933,AMAX-KY,IGNORE,0,,,,,HIGH_RISK,,46.38,24.956,294.4901,86.35,84.83,403.6921,340.625,277.5579,0,0,UNCERTAIN,PREPARE,13364.0,MEDIUM,1.0813380932281427,298.24,28.76,,,11.14327062228655,0.1273394495412845,,
2026-10-05,6937,天虹,IGNORE,0,,,,NEUTRAL,SAFE,,29.61,12.5066,282.965,56.97,72.33,313.0838,295.2,277.3162,0,0,UNCERTAIN,PREPARE,3554.0,LIGHT,0.6643058835520319,293.35,3.12,,1.0,3.9518900343642693,0.02472899728997291,,
2026-10-05,6907,雅特力-KY,IGNORE,0,,,,,SAFE,,24.67,10.6426,189.2374,68.1,52.75,202.8569,185.9,168.9431,0,0,UNCERTAIN,PREPARE,33372.0,MEDIUM,1.2850641857133949,196.7,-1.63,,187.0,8.70786516853932,0.04088219472834864,,
2026-10-05,6909,創控,IGNORE,0,,,,,SAFE,,27.31,1.5217,43.7424,84.87,74.74,44.5149,41.795,39.0751,0,0,UNCERTAIN,PREPARE,6177.0,LIGHT,1.2850623296272474,41.93,4.82,,,5.395683453237399,0.051561191530087314,,
2026-10-05,6915,美強光,IGNORE,0,11.0,4.0,1.0,,SAFE,,20.87,3.6009,55.1356,51.5,47.04,48.8831,44.68,40.4769,16,8,UNCERTAIN,PREPARE,,NONE,1.357411515093066,45.68,3.21,,,5.8361391694724984,0.05528200537153083,,
2026-10-05,6917,竟天,IGNORE,0,,,,,NEUTRAL,,48.88,1.7064,34.4088,2.54,9.25,39.9246,35.55,31.1754,0,0,UNCERTAIN,PREPARE,,NONE,0.4059027630858398,36.63,-6.5,,,-11.953727506426738,-0.03656821378340358,,
2026-10-05,6919,康霈*,IGNORE,0,1.0,0.0,0.0,,NEUTRAL,,30.97,3.8672,97.8995,7.41,14.4,86.6538,81.645,76.6362,0,0,FAKE_B,PREPARE,182836.0,HEAVY,0.6428065371522707,,,,,-4.945717732207489,-0.034845979545593764,,
2026-10-05,6920,恆勁科技,IGNORE,0,7.0,2.0,26.0,,SAFE,,34.68,5.6652,101.8787,66.81,74.37,107.883,98.805,89.727,10,6,UNCERTAIN,LATE,,NONE,0.6781876240293999,98.36,4.72,,,7.51565762004176,0.04245736551793944,,
2026-10-05,6940,格斯科技*,IGNORE,0,5.0,0.0,,,NEUTRAL,,29.31,1.3319,22.6574,62.9,56.36,20.2445,17.0075,13.7705,0,0,FAKE_B,PREPARE,,NONE,0.7947456739884361,,,,,-1.7964071856287456,-0.03571953549904461,,
2026-10-05,4927,泰鼎-KY,IGNORE,0,,,,,HIGH_RISK,,37.35,2.3663,39.5635,92.48,87.02,49.058,43.605,38.152,0,0,UNCERTAIN,PREPARE,26773.0,MEDIUM,1.8907177128737547,42.86,23.42,,,21.889400921658986,0.21316362802430922,,
2026-10-05,1785,光洋科,WAIT,45,8.0,3.0,1.0,,SAFE,,64.18,3.4012,105.992,87.62,68.7,106.0052,99.315,92.6248,9,3,UNCERTAIN,PREPARE,115626.0,HEAVY,1.4678845100771227,100.72,1.76,,948.0,7.7812828601472095,0.03206967728943266,,
2026-10-05,1795,美時,IGNORE,0,13.0,3.0,0.0,,SAFE,,23.31,3.6163,190.4813,43.72,46.23,182.2997,177.85,173.4003,9,3,UNCERTAIN,PREPARE,134660.0,HEAVY,0.9414754575904415,184.6,-3.85,,,-1.388888888888884,-0.001967950520101125,,
2026-10-05,1802,台玻,IGNORE,0,,,,,SAFE,,10.61,2.4051,57.7084,65.85,62.1,61.0886,58.865,56.6414,0,0,UNCERTAIN,PREPARE,162089.0,HEAVY,1.374798666519736,59.67,-0.62,,,1.3675213675213627,0.0073897901979103064,,
2026-10-05,1808,潤隆,IGNORE,0,1.0,0.0,0.0,,NEUTRAL,,15.63,1.0619,33.8305,4.5,13.08,36.6337,33.5125,30.3913,0,0,UNCERTAIN,PREPARE,36630.0,MEDIUM,0.4633004722572696,34.34,-8.7,,,-8.199121522693986,-0.06452816113390525,,
2026-10-05,1809,中釉,IGNORE,0,6.0,0.0,,,HIGH_RISK,,23.9,2.3396,42.5809,90.07,89.01,48.7322,40.67,32.6078,0,0,UNCERTAIN,PREPARE,1731.0,LIGHT,0.9142357170242493,,,,,24.93297587131369,0.1458077206786328,,
2026-10-05,1815,富喬,IGNORE,0,,,,,SAFE,,43.53,8.1054,116.6226,69.59,47.49,133.8867,121.35,108.8133,0,0,UNCERTAIN,PREPARE,111578.0,HEAVY,1.2246821721184902,119.09,7.9,,2559.0,7.08333333333333,0.058920477956324824,,
2026-10-05,1727,中華化,IGNORE,0,,,,,HIGH_RISK,,32.57,9.0608,102.2946,79.51,81.12,126.1173,102.665,79.2127,0,0,UNCERTAIN,PREPARE,10083.0,MEDIUM,1.5971020672910454,113.7,3.34,,,11.904761904761907,0.1444990990113475,,
2026-10-05,1735,日勝化,IGNORE,0,5.0,5.0,2.0,,HIGH_RISK,,15.23,0.6974,20.7342,81.55,72.04,22.573,20.4225,18.272,17,7,UNCERTAIN,PREPARE,51266.0,HEAVY,8.689853217783982,20.79,17.14,,,22.361809045226156,0.19231240053862164,,
2026-10-05,1773,勝一,IGNORE,0,,,,,HIGH_RISK,,23.56,5.1457,165.1322,97.68,91.79,174.4959,163.9,153.3041,0,0,UNCERTAIN,PREPARE,21939.0,MEDIUM,3.6869322107158897,175.29,2.97,,,10.73619631901841,0.10128126906650392,,
2026-10-05,1907,永豐餘,IGNORE,0,1.0,0.0,0.0,,NEUTRAL,,14.82,0.5582,28.8087,5.91,10.99,29.9474,28.765,27.5826,0,0,UNCERTAIN,PREPARE,214931.0,HEAVY,1.0212720293910866,29.38,-6.05,,,-6.281833616298805,-0.040500608378237546,,
2026-10-05,2070,精湛,IGNORE,0,,,,,SAFE,,33.4,2.1971,64.843,84.16,72.94,69.045,63.18,57.315,0,0,UNCERTAIN,PREPARE,1176.0,LIGHT,0.5865774778922755,66.6,-6.0,,-4.0,4.8576214405360085,-0.009180120291231497,,
2026-10-05,2101,南港,IGNORE,0,1.0,0.0,0.0,,NEUTRAL,,27.87,0.5567,32.3139,4.02,9.81,31.379,30.1625,28.946,0,0,UNCERTAIN,PREPARE,41946.0,MEDIUM,3.8282885987809747,,,,,-5.436573311367388,-0.04848736013261512,,
2026-10-05,2105,正新,IGNORE,0,6.0,7.0,0.0,,SAFE,,8.83,0.4588,31.6001,57.52,61.73,30.9535,30.3175,29.6815,21,7,UNCERTAIN,PREPARE,277085.0,HEAVY,1.057691023441359,32.37,-6.85,,,0.16611295681061566,-0.005524861878453136,,
2026-10-05,2201,裕隆,IGNORE,0,1.0,0.0,0.0,,NEUTRAL,,13.1,0.5613,29.2847,1.04,3.33,31.2235,29.74,28.2565,0,0,FAKE_B,PREPARE,42989.0,MEDIUM,0.8037841052142254,,,,,-7.352941176470584,-0.04673839946200409,,
2026-10-05,2049,上銀,IGNORE,0,14.0,,,,SAFE,,12.1,15.2814,353.6806,81.08,64.67,371.1641,341.1,311.0359,0,0,UNCERTAIN,PREPARE,138692.0,HEAVY,1.3423612471975819,353.99,-2.4,,,2.8273809523809534,0.012899442978598685,,
2026-10-05,2006,東和鋼鐵,IGNORE,0,,,,,SAFE,,27.6,2.3204,79.2248,53.68,62.41,88.6628,83.86,79.0572,0,0,UNCERTAIN,PREPARE,206272.0,HEAVY,0.42120457802419303,78.39,9.46,,,4.0000000000000036,0.023133794419270215,,
2026-10-05,2008,高興昌,IGNORE,0,,,,,SAFE,,37.4,0.4091,29.825,20.02,27.04,31.1954,30.695,30.1946,0,0,UNCERTAIN,PREPARE,15013.0,MEDIUM,0.6540079851479116,30.78,-0.92,,,-1.2944983818770184,-0.006352826193191219,,
2026-10-05,2009,第一銅,IGNORE,0,,,,,SAFE,,20.98,1.1205,39.816,27.48,42.08,40.6567,39.4025,38.1483,0,0,UNCERTAIN,PREPARE,9822.0,LIGHT,0.6630866048146971,40.53,-3.29,,,0.0,-0.005139267812955817,,
2026-10-05,2010,春源,IGNORE,0,,,,,SAFE,,13.97,0.4017,22.1356,62.86,67.24,22.9512,22.2025,21.4538,0,0,UNCERTAIN,PREPARE,56041.0,HEAVY,0.9723144718371884,22.62,-1.21,,,2.0547945205479534,0.006643396013962466,,
2026-10-05,2027,大成鋼,IGNORE,0,,,,,SAFE,,16.25,1.385,46.153,89.93,81.2,49.9871,47.4825,44.9779,0,0,UNCERTAIN,PREPARE,652348.0,HEAVY,0.8490455116988828,47.08,1.75,,,1.698513800424628,0.008792713104827987,,
2026-10-05,2034,允強,IGNORE,0,,,,,NEUTRAL,,39.36,0.8594,21.895,76.24,83.84,24.5846,21.7925,19.0004,0,0,UNCERTAIN,PREPARE,34978.0,MEDIUM,1.0342865606526255,21.24,10.62,,,11.638954869358663,0.07835264425834576,,
2026-10-05,2204,中華,IGNORE,0,1.0,0.0,0.0,,SAFE,,9.41,0.7412,52.6313,16.02,28.23,53.9765,52.6,51.2235,0,0,FAKE_B,PREPARE,101618.0,HEAVY,3.2213215806807,52.81,-3.23,,,-2.851711026615966,-0.028517110266159662,,
2026-10-05,1528,恩德,IGNORE,0,,,,,SAFE,,37.13,1.18,23.9586,24.99,46.49,28.674,23.5625,18.451,0,0,UNCERTAIN,PREPARE,3604.0,LIGHT,0.3252490158965637,25.11,-3.81,,,0.20746887966804906,0.024933687002652416,,
2026-10-05,1536,和大,IGNORE,0,12.0,2.0,,,SAFE,,3.92,1.0815,54.6407,36.92,46.2,49.0321,47.0575,45.0829,6,2,UNCERTAIN,PREPARE,14224.0,MEDIUM,1.187544200657749,56.55,-18.48,,,-1.1789924973204635,-0.020347447271954477,,
2026-10-05,1560,中砂,IGNORE,0,,,,,HIGH_RISK,,41.1,40.4361,761.9009,98.75,96.64,1095.4586,854.95,614.4414,0,0,UNCERTAIN,PREPARE,61301.0,HEAVY,0.55929716017378,827.56,25.67,,,27.60736196319018,0.21644540616410302,,
2026-10-05,1476,儒鴻,IGNORE,0,5.0,,,,SAFE,,42.71,5.9654,320.6674,40.4,24.08,307.3645,285.225,263.0855,0,0,UNCERTAIN,PREPARE,75918.0,HEAVY,1.3001818707757076,277.68,0.3,,,-1.9366197183098621,-0.02357787711455872,,
2026-10-05,1477,聚陽,IGNORE,0,4.0,2.0,,,SAFE,,21.95,4.2597,208.6436,53.73,34.12,199.2002,193.7,188.1998,6,2,UNCERTAIN,PREPARE,36808.0,MEDIUM,1.708969612879863,197.5,0.0,,,1.8041237113401998,0.01961796592669085,,
2026-10-05,1503,士電,IGNORE,0,4.0,2.0,,,SAFE,,5.59,4.9231,203.4415,45.68,39.03,208.0925,199.35,190.6075,6,2,UNCERTAIN,PREPARE,159779.0,HEAVY,0.9085331368008335,204.14,-3.99,,,-0.75949367088608,-0.01680461499874586,,
2026-10-05,1504,東元,IGNORE,0,5.0,2.0,,,SAFE,,10.22,1.5368,69.1414,43.22,29.97,71.9407,69.77,67.5993,6,2,UNCERTAIN,PREPARE,168995.0,HEAVY,1.0213736828042448,70.8,-2.55,,,-2.6798307475317418,-0.011036262003726427,,
2026-10-05,1513,中興電,IGNORE,0,,,,,SAFE,,7.29,3.4961,163.6898,64.75,72.87,168.8952,165.725,162.5548,0,0,UNCERTAIN,PREPARE,66440.0,HEAVY,1.1047635156172473,166.88,-0.23,,,0.9090909090909038,0.004676421783074369,,
2026-10-05,1514,亞力,IGNORE,0,,,,,SAFE,,9.62,2.7238,106.3795,26.33,40.5,104.3527,101.845,99.3373,0,0,UNCERTAIN,PREPARE,36895.0,MEDIUM,1.1428408977384792,102.16,-0.16,,,0.990099009900991,0.0015219205655654378,,
2026-10-05,1519,華城,IGNORE,0,5.0,,,,SAFE,,9.37,21.284,714.3859,12.34,17.93,744.5381,709.3,674.0619,0,0,FAKE_B,PREPARE,62296.0,HEAVY,0.9027110828674667,,,,,-1.9858156028368823,-0.025800084590441252,,
2026-10-05,1582,信錦,IGNORE,0,12.0,2.0,,,SAFE,,17.14,1.4152,71.8545,84.38,71.1,73.6514,71.1,68.5486,6,2,UNCERTAIN,PREPARE,7541.0,LIGHT,1.7447940808426288,72.21,0.26,,,2.695035460992923,0.0182841068917019,,
2026-10-05,1584,精剛,IGNORE,0,,,,,SAFE,,24.64,0.4461,18.4335,61.38,68.02,18.5934,18.1075,17.6216,0,0,UNCERTAIN,PREPARE,18065.0,MEDIUM,1.8023147133366924,18.36,-1.41,,-147.0,0.5555555555555536,-0.0004141930139442973,,
2026-10-05,1711,永光,IGNORE,0,,,,,HIGH_RISK,,14.6,1.9559,40.1105,91.01,79.46,43.2602,39.9575,36.6548,0,0,UNCERTAIN,PREPARE,32439.0,MEDIUM,4.859449771864503,39.81,11.03,,,11.616161616161612,0.10617531126822266,,
2026-10-05,1717,長興,IGNORE,0,,,,,SAFE,,9.43,2.6941,73.1927,94.69,87.93,75.8132,72.075,68.3368,0,0,UNCERTAIN,PREPARE,143533.0,HEAVY,1.3755238256612718,77.35,-3.56,,,4.628330995792429,0.03503295178633348,,
2026-10-05,1721,三晃,IGNORE,0,,,,,HIGH_RISK,,36.48,1.3821,23.5514,98.04,92.99,28.0703,23.86,19.6497,0,0,UNCERTAIN,PREPARE,4441.0,LIGHT,1.6753434264589147,26.03,5.84,,,24.379232505643355,0.15465213746856654,,
2026-10-05,1722,台肥,IGNORE,0,1.0,0.0,0.0,,NEUTRAL,,32.79,0.5489,44.5886,3.62,5.76,45.0112,42.445,39.8788,0,0,UNCERTAIN,PREPARE,74577.0,HEAVY,0.9811340832802784,,,,,-3.084223013048626,-0.037578042172222825,,
2026-10-05,1708,東鹼,IGNORE,0,5.0,2.0,6.0,,HIGH_RISK,,21.01,1.7382,52.6932,95.93,89.2,55.9575,51.1025,46.2475,10,6,UNCERTAIN,LATE,27580.0,MEDIUM,2.3119494315625095,53.76,5.66,,,11.154598825831696,0.11149160999951069,,
2026-10-05,1590,亞德客-KY,IGNORE,0,2.0,,,,NEUTRAL,,31.46,52.8308,1347.2721,1.66,4.44,1383.7408,1258.5,1133.2592,0,0,UNCERTAIN,PREPARE,160057.0,HEAVY,0.6427921782368243,,,,,-5.2208835341365445,-0.062375844259038526,,
2026-10-05,1591,駿吉-KY,IGNORE,0,4.0,0.0,,,HIGH_RISK,,58.37,1.5753,39.2129,91.73,85.82,43.5615,38.7475,33.9335,0,1,UNCERTAIN,PREPARE,1860.0,LIGHT,1.1575204669072345,39.3,6.5,,4.0,1.454545454545464,0.08006968191496222,,
2026-10-05,1595,川寶,IGNORE,0,,,,,SAFE,,40.54,5.0467,75.5952,73.89,75.36,83.5177,69.76,56.0023,0,0,UNCERTAIN,PREPARE,2966.0,LIGHT,2.2036132167309814,72.41,1.5,,-1008.0,18.93203883495147,0.0536123853211008,,
2026-10-05,1597,直得,IGNORE,0,,,,,SAFE,,12.57,8.7171,143.1453,66.85,59.81,157.5322,143.2,128.8678,0,0,UNCERTAIN,PREPARE,3204.0,LIGHT,0.704380892526445,,,,,5.434782608695654,0.016061452513966623,,
2026-10-05,1605,華新,IGNORE,0,,,,,SAFE,,17.8,1.1808,36.2547,79.93,63.98,39.099,37.5075,35.916,0,0,UNCERTAIN,PREPARE,827084.0,HEAVY,1.3316721960195854,37.88,1.38,,,3.364737550471064,0.023795240951809626,,
2026-10-05,1608,華榮,IGNORE,0,4.0,2.0,,,SAFE,,10.0,0.845,35.1711,66.66,54.49,36.8888,36.0175,35.1462,6,2,UNCERTAIN,PREPARE,32046.0,MEDIUM,0.9052114667027175,36.48,-1.74,,,-0.6925207756232732,-0.004650517109738184,,
2026-10-05,1609,大亞,IGNORE,0,,,,,SAFE,,13.07,0.8283,37.8244,70.59,79.33,38.8618,37.8875,36.9132,0,0,UNCERTAIN,PREPARE,106789.0,HEAVY,1.1482444410127337,37.83,0.97,,,1.4608233731739917,0.008248102936324608,,
2026-10-05,2206,三陽工業,IGNORE,0,,,,,SAFE,,6.92,0.9614,62.3775,26.91,28.74,64.5442,63.34,62.1358,0,0,UNCERTAIN,PREPARE,61152.0,HEAVY,0.9921036554010288,63.18,-0.92,,,-2.187499999999998,-0.01168298073886953,,
2026-10-05,2208,台船,IGNORE,0,1.0,0.0,0.0,,SAFE,,15.38,0.3768,20.0616,17.96,39.04,19.5227,18.99,18.4573,0,0,FAKE_B,PREPARE,80114.0,HEAVY,2.5648558054450326,,,,,-2.894736842105272,-0.028436018957346154,,
2026-10-05,2395,研華,IGNORE,0,,,,,NEUTRAL,,30.23,27.1932,634.3762,87.61,86.27,747.8671,696.35,644.8329,0,0,UNCERTAIN,PREPARE,314160.0,HEAVY,0.8987161044197207,696.32,6.27,,,7.871720116618075,0.06268399511739786,,
2026-10-05,2399,映泰,IGNORE,0,,,,,SAFE,,21.98,2.1675,45.7539,70.47,76.35,51.3502,47.6325,43.9148,0,0,UNCERTAIN,PREPARE,13375.0,MEDIUM,1.3959364328278663,48.84,-0.5,,,-0.8163265306122436,0.02031176192725548,,
2026-10-05,2401,凌陽,IGNORE,0,5.0,3.0,4.0,,SAFE,,19.62,0.9163,27.4399,83.62,84.59,27.4435,25.485,23.5265,12,6,UNCERTAIN,PREPARE,96588.0,HEAVY,2.2232653972937264,,,,,7.676767676767682,0.04571316460663133,,
2026-10-05,2402,毅嘉,IGNORE,0,,,,,NEUTRAL,,12.89,2.0799,58.8248,89.96,79.12,59.1457,55.425,51.7043,0,0,UNCERTAIN,PREPARE,17527.0,MEDIUM,1.5853349957399636,57.97,1.77,,,8.655616942909772,0.06450157870996853,,
2026-10-05,2404,漢唐,IGNORE,0,8.0,0.0,,,HIGH_RISK,,24.97,61.7577,1140.3618,94.7,90.56,1362.0427,1139.5,916.9573,0,0,UNCERTAIN,PREPARE,72017.0,HEAVY,1.025290518131949,1241.27,5.54,,,27.184466019417485,0.14962702939885908,,
2026-10-05,2393,億光,IGNORE,0,,,,,SAFE,,9.39,1.4958,63.9737,92.34,81.34,66.1889,63.54,60.8911,0,0,UNCERTAIN,PREPARE,131289.0,HEAVY,2.456319675309338,63.94,4.79,,,6.012658227848089,0.054453887315077054,,
2026-10-05,2406,國碩,IGNORE,0,6.0,0.0,,,HIGH_RISK,,25.08,1.2076,32.1223,96.39,91.66,32.741,28.59,24.439,0,0,UNCERTAIN,PREPARE,23918.0,MEDIUM,1.3451903712396052,31.29,0.5,,,18.23308270676691,0.10003497726477795,,
2026-10-05,2408,南亞科,IGNORE,0,,,,,SAFE,,9.45,24.7548,474.3932,89.38,79.09,544.5533,507.5,470.4467,0,0,UNCERTAIN,PREPARE,526142.0,HEAVY,0.9018630148427966,513.83,3.15,,,8.606557377049185,0.044334975369458185,,
2026-10-05,2412,中華電,IGNORE,0,,,,,SAFE,,31.17,1.9815,138.72,77.4,73.74,148.5844,142.925,137.2656,0,0,UNCERTAIN,PREPARE,1425642.0,HEAVY,0.7358990570387176,140.37,3.66,,,0.34482758620688614,0.01801644218995979,,
2026-10-05,2413,環科,IGNORE,0,,,,,HIGH_RISK,,30.79,2.714,49.9884,60.19,54.96,56.0317,51.08,46.1283,0,0,UNCERTAIN,PREPARE,5317.0,LIGHT,1.1027321355858246,53.95,2.51,,,4.143126177024481,0.08261550509005477,,
2026-10-05,2392,正崴,IGNORE,0,,,,,SAFE,,16.55,1.586,42.1186,19.7,23.71,44.9483,42.4425,39.9367,0,0,UNCERTAIN,PREPARE,40148.0,MEDIUM,0.8902389308713019,42.96,-3.29,,,-1.3064133016627233,-0.021028450256229125,,
2026-10-05,2374,佳能,IGNORE,0,4.0,10.0,0.0,,SAFE,,5.8,1.557,68.0462,48.22,48.47,68.1987,66.935,65.6713,30,10,UNCERTAIN,PREPARE,18721.0,MEDIUM,1.0174120065607444,66.9,-0.6,,,-0.44910179640718084,-0.006498842160304608,,
2026-10-05,2375,凱美,IGNORE,0,,,,,SAFE,,13.03,6.2732,137.2678,73.74,48.2,127.5783,120.875,114.1717,0,0,UNCERTAIN,PREPARE,8825.0,LIGHT,1.3135968467581582,,,,,7.234042553191489,0.04239917269906934,,
2026-10-05,2376,技嘉,IGNORE,0,,,,,HIGH_RISK,,16.8,12.85,346.2701,90.34,81.55,381.2604,359.625,337.9896,0,0,UNCERTAIN,PREPARE,165346.0,HEAVY,1.9356925712167077,366.18,6.1,,,9.436619718309869,0.08029197080291972,,
2026-10-05,2377,微星,IGNORE,0,,,,,SAFE,,17.23,4.8135,150.9785,70.95,54.67,159.5983,153.025,146.4517,0,0,UNCERTAIN,PREPARE,165715.0,HEAVY,0.9340366532809729,153.65,0.88,,,1.3071895424836555,0.012906387845123213,,
2026-10-05,2379,瑞昱,IGNORE,0,,,,,SAFE,,19.37,29.3696,733.2753,82.22,86.87,780.0816,730.65,681.2184,0,0,UNCERTAIN,PREPARE,238021.0,HEAVY,0.7447892772156385,733.32,2.96,,,5.594405594405605,0.03332649011154465,,
2026-10-05,2382,廣達,IGNORE,0,,,,,SAFE,,5.62,8.4082,327.231,11.73,28.5,349.1074,338.075,327.0426,0,0,UNCERTAIN,PREPARE,949265.0,HEAVY,0.9569343207643739,338.53,-2.22,,,-3.779069767441856,-0.02092730902906159,,
2026-10-05,2383,台光電,IGNORE,0,11.0,,,,HIGH_RISK,,13.94,273.3331,5059.0552,81.89,63.57,5674.9715,5151.75,4628.5285,0,0,UNCERTAIN,PREPARE,156024.0,HEAVY,0.6417626723405521,5462.24,4.35,,,21.405750798722046,0.10642014849323056,,
2026-10-05,2385,群光,IGNORE,0,,,,,SAFE,,9.82,2.2868,105.4786,46.57,38.68,109.2496,105.575,101.9004,0,0,UNCERTAIN,PREPARE,189927.0,HEAVY,1.581205487911634,104.76,0.23,,,-0.4739336492891044,-0.005446365143263132,,
2026-10-05,2388,威盛,IGNORE,0,12.0,2.0,,,SAFE,,12.95,2.9877,74.3267,74.44,65.55,79.9828,73.13,66.2772,6,2,UNCERTAIN,PREPARE,85650.0,HEAVY,0.6447941223793862,73.83,-2.75,,,3.012912482065988,-0.018186790646793405,,
2026-10-05,2436,偉詮電,IGNORE,0,,,,,SAFE,,27.91,2.9849,67.1118,77.98,81.44,76.6696,70.13,63.5904,0,0,UNCERTAIN,PREPARE,26193.0,MEDIUM,1.0369970139364266,73.34,-0.19,,,8.284023668639072,0.04377584485954644,,
2026-10-05,2439,美律,IGNORE,0,8.0,10.0,0.0,,SAFE,,18.16,1.5466,85.0912,12.01,28.75,79.5541,77.235,74.9159,30,10,UNCERTAIN,PREPARE,25226.0,MEDIUM,1.194863046864526,78.12,-3.61,,,-5.044136191677174,-0.0250534084288212,,
2026-10-05,2441,超豐,IGNORE,0,,,,,SAFE,,17.06,4.9894,121.8802,62.87,71.7,130.6536,120.15,109.6464,0,0,UNCERTAIN,PREPARE,63057.0,HEAVY,0.8470856108764591,122.79,0.99,,,4.641350210970474,0.0320432792342904,,
2026-10-05,2449,京元電子,IGNORE,0,,,,,SAFE,,22.33,14.2429,273.8171,33.24,53.59,320.6843,282.625,244.5657,0,0,FAKE_B,PREPARE,368158.0,HEAVY,0.7479354303939028,298.33,-1.45,,,10.943396226415093,0.04024767801857587,,
2026-10-05,2451,創見,IGNORE,0,7.0,7.0,0.0,,SAFE,,6.8,8.0842,280.1723,94.23,89.57,294.3568,284.0,273.6432,21,7,UNCERTAIN,PREPARE,51242.0,HEAVY,0.90511511052365,296.79,-2.46,,,4.512635379061369,0.01936619718309851,,
2026-10-05,2417,圓剛,IGNORE,0,12.0,2.0,,,SAFE,,11.14,1.0147,39.9227,40.72,57.55,40.8346,38.935,37.0354,6,2,UNCERTAIN,PREPARE,3713.0,LIGHT,1.2022969376399835,39.01,-1.31,,,-1.1553273427471145,-0.011172466932066305,,
2026-10-05,2419,仲琦,IGNORE,0,,,,,SAFE,,37.86,0.993,27.446,37.05,53.33,30.4234,28.0275,25.6316,0,0,UNCERTAIN,PREPARE,4444.0,LIGHT,1.4648131398789723,29.26,-5.67,,,-1.075268817204289,-0.01525287663901509,,
2026-10-05,2421,建準,IGNORE,0,,,,,SAFE,,12.38,6.5385,156.6455,74.35,63.56,174.3636,165.6,156.8364,0,0,UNCERTAIN,PREPARE,106366.0,HEAVY,1.2780367820954286,163.24,3.83,,,4.629629629629628,0.023550724637681153,,
2026-10-05,2426,鼎元,IGNORE,0,,,,,HIGH_RISK,,31.65,7.2459,90.5214,91.89,82.49,109.4427,99.69,89.9373,0,0,UNCERTAIN,PREPARE,32436.0,MEDIUM,0.6565575292244565,108.84,4.74,,,18.75,0.14354498946734884,,
2026-10-05,2428,興勤,IGNORE,0,,,,,SAFE,,14.4,9.4737,260.1191,73.18,56.4,263.8974,255.675,247.4526,0,0,UNCERTAIN,PREPARE,18034.0,MEDIUM,1.1363306172629928,261.61,0.15,,,2.946954813359537,0.024738437469443486,,
2026-10-05,2371,大同,IGNORE,0,,,,,SAFE,,32.1,0.9804,27.5513,79.35,80.65,31.1431,28.96,26.7769,0,0,UNCERTAIN,PREPARE,142368.0,HEAVY,1.4454598685907087,28.9,4.32,,,1.5151515151515138,0.04109116022099446,,
2026-10-05,2369,菱生,IGNORE,0,5.0,9.0,0.0,,SAFE,,16.29,1.208,35.2642,64.06,72.23,32.8772,30.8175,28.7578,27,9,UNCERTAIN,PREPARE,53217.0,HEAVY,0.7487975579547427,31.95,-1.08,,,4.290429042904287,0.025391417214245093,,
2026-10-05,2303,聯電,IGNORE,0,,,,,SAFE,,25.75,7.6877,134.1662,60.29,78.42,167.524,148.775,130.026,0,0,UNCERTAIN,PREPARE,5125571.0,HEAVY,1.7796044030687952,152.76,-0.17,,,3.3898305084745672,0.025037808771634973,,
2026-10-05,2308,台達電,IGNORE,0,,,,,HIGH_RISK,,11.34,90.4914,1757.7483,91.96,86.36,2026.192,1804.75,1583.308,0,0,UNCERTAIN,PREPARE,1603133.0,HEAVY,1.5059651384668236,2005.0,0.0,,,18.991097922848653,0.11095719628757439,,
2026-10-05,2312,金寶,IGNORE,0,,,,,SAFE,,4.7,0.885,32.0718,35.06,40.01,32.3066,31.1425,29.9784,0,0,UNCERTAIN,PREPARE,130121.0,HEAVY,0.8044497926205869,32.08,-4.3,,,-0.9677419354838679,-0.014208878542185,,
2026-10-05,2313,華通,IGNORE,0,,,,,HIGH_RISK,,10.08,10.6039,221.5213,74.07,61.34,244.9666,227.45,209.9334,0,0,UNCERTAIN,PREPARE,236745.0,HEAVY,2.327107298438379,234.15,6.13,,,13.729977116704806,0.09254781270608925,,
2026-10-05,2316,楠梓電,IGNORE,0,,,,,NEUTRAL,,15.06,6.9462,162.2193,96.1,87.19,170.2036,160.275,150.3464,0,0,UNCERTAIN,PREPARE,69495.0,HEAVY,1.5583806537461904,160.87,6.61,,,10.289389067524123,0.07003587583840276,,
2026-10-05,2324,仁寶,IGNORE,0,1.0,0.0,0.0,,NEUTRAL,,13.79,1.1976,38.9121,14.71,18.48,40.4986,37.655,34.8114,0,0,UNCERTAIN,PREPARE,1479416.0,HEAVY,0.9561292315708282,,,,,-4.278074866310167,-0.04926304607621845,,
2026-10-05,2327,國巨*,IGNORE,0,,,,,HIGH_RISK,,12.53,35.7191,618.8292,87.35,76.2,621.3458,566.35,511.3542,0,0,UNCERTAIN,PREPARE,918289.0,HEAVY,1.5740107920892497,601.68,4.04,,,18.33648393194707,0.10532356316765257,,
2026-10-05,2301,光寶科,IGNORE,0,,,,,SAFE,,25.68,12.833,262.9862,61.38,52.32,303.2323,285.75,268.2677,0,0,UNCERTAIN,PREPARE,1002585.0,HEAVY,1.7926623359793972,273.43,8.99,,,7.194244604316546,0.04286964129483817,,
2026-10-05,2231,為升,IGNORE,0,4.0,10.0,4.0,,SAFE,,13.91,2.8152,110.409,54.77,61.55,94.153,91.055,87.957,30,10,UNCERTAIN,PREPARE,5652.0,LIGHT,1.8297156418382534,92.42,-0.24,,,1.878453038674044,0.012574817418044226,,
2026-10-05,2233,宇隆,IGNORE,0,8.0,6.0,0.0,,SAFE,,26.64,6.2109,192.2556,91.83,84.98,172.6485,163.725,154.8015,18,6,UNCERTAIN,PREPARE,5157.0,LIGHT,0.935252817598407,183.84,-8.07,,,7.643312101910826,0.0322186593373035,,
2026-10-05,2243,宏旭-KY,IGNORE,0,,,,,HIGH_RISK,,51.39,2.652,49.2865,78.57,70.46,55.3522,49.845,44.3378,0,0,UNCERTAIN,PREPARE,18687.0,MEDIUM,2.502116412070133,52.79,3.25,,,11.111111111111116,0.09338950747316677,,
2026-10-05,2256,歐特明,IGNORE,0,7.0,0.0,0.0,,NEUTRAL,,11.34,5.2544,79.0048,27.34,35.74,87.6327,76.715,65.7973,4,8,UNCERTAIN,PREPARE,,NONE,0.5570798707369224,81.44,-10.73,,,-2.4161073825503365,-0.05233657042299422,,
2026-10-05,2328,廣宇,IGNORE,0,,,,,SAFE,,17.3,1.144,45.8274,94.06,86.42,48.466,46.66,44.854,0,0,UNCERTAIN,PREPARE,50573.0,HEAVY,1.7655955066447573,46.87,3.06,,,4.207119741100307,0.035147878268323884,,
2026-10-05,2329,華泰,IGNORE,0,4.0,10.0,7.0,,SAFE,,10.91,1.3069,44.7929,93.3,87.34,45.6518,43.3675,41.0832,30,10,UNCERTAIN,LATE,63717.0,HEAVY,1.680026809405252,43.96,2.37,,,4.895104895104896,0.03764339655271809,,
2026-10-05,2353,宏碁,IGNORE,0,,,,,SAFE,,7.19,0.8006,30.9517,18.38,32.45,32.6196,31.6825,30.7454,0,0,UNCERTAIN,PREPARE,412401.0,HEAVY,0.7769047927639549,31.2,0.64,,,-3.0864197530864224,-0.00891659433441172,,
2026-10-05,2354,鴻準,IGNORE,0,,,,,SAFE,,27.09,1.9959,62.839,43.81,56.43,66.5335,65.345,64.1565,0,0,UNCERTAIN,PREPARE,197710.0,HEAVY,1.3531478359831297,63.86,0.85,,,-2.865761689291091,-0.014461703267273585,,
2026-10-05,2355,敬鵬,IGNORE,0,,,,,NEUTRAL,,14.62,1.1409,42.8692,86.88,77.8,43.7444,41.785,39.8256,0,0,UNCERTAIN,PREPARE,67169.0,HEAVY,3.9301000481669406,42.53,5.0,,,8.63746958637468,0.06856527462007889,,
2026-10-05,2356,英業達,IGNORE,0,1.0,0.0,0.0,,NEUTRAL,,21.55,1.8158,63.6983,6.55,11.58,66.369,61.66,56.951,0,0,FAKE_B,PREPARE,638732.0,HEAVY,1.065890435162417,64.95,-10.25,,,-5.203252032520334,-0.05449237755433034,,
2026-10-05,2357,華碩,IGNORE,0,,,,,SAFE,,18.72,27.775,863.742,90.85,81.62,1012.7856,962.45,912.1144,0,0,UNCERTAIN,PREPARE,293274.0,HEAVY,0.9784269383355744,847.77,17.37,,,4.957805907172985,0.03381993869811417,,
2026-10-05,2359,所羅門,IGNORE,0,13.0,,,,SAFE,,7.19,4.8007,144.5144,18.09,28.94,139.7375,130.55,121.3625,0,0,FAKE_B,PREPARE,8199.0,LIGHT,1.097361042207975,,,,,-3.053435114503822,-0.027192646495595607,,
2026-10-05,2360,致茂,IGNORE,0,,,,,SAFE,,17.07,146.7467,2062.0233,41.82,40.78,2441.3326,2211.75,1982.1674,0,0,UNCERTAIN,PREPARE,254387.0,HEAVY,1.1714459599615676,2121.08,9.61,,,11.51079136690647,0.05120379789759233,,
2026-10-05,2363,矽統,IGNORE,0,,,,,NEUTRAL,,29.18,2.6655,56.4146,71.06,83.83,63.7479,55.485,47.2221,0,0,UNCERTAIN,PREPARE,32462.0,MEDIUM,1.0106915389965816,56.92,4.71,,,12.665406427221182,0.07416418851941975,,
2026-10-05,2365,昆盈,IGNORE,0,7.0,7.0,0.0,,SAFE,,8.75,0.7696,30.3806,25.04,39.03,29.2253,28.265,27.3047,21,7,UNCERTAIN,PREPARE,6957.0,LIGHT,1.6743382255749746,28.43,-1.51,,,0.35842293906811484,-0.009375552803821074,,
2026-10-05,2367,燿華,IGNORE,0,7.0,3.0,4.0,,HIGH_RISK,,15.92,1.6501,41.8345,96.09,88.79,46.6186,42.14,37.6614,11,5,UNCERTAIN,PREPARE,64235.0,HEAVY,6.5584156600012635,42.22,17.59,,,22.14022140221403,0.17821547223540568,,
2026-10-05,2368,金像電,IGNORE,0,,,,,HIGH_RISK,,21.43,73.8292,1016.3038,84.8,77.86,1194.8404,1067.7,940.5596,0,0,UNCERTAIN,PREPARE,114606.0,HEAVY,0.8219945663915676,1215.0,0.0,,,27.89473684210526,0.13796010115200885,,
2026-10-05,2352,佳世達,IGNORE,0,,,,,SAFE,,18.91,0.7505,30.286,31.37,50.0,29.6675,29.035,28.4025,0,0,UNCERTAIN,PREPARE,113521.0,HEAVY,1.1168884413019116,29.35,-1.37,,,-0.17241379310345417,-0.002927501291544621,,
2026-10-05,2351,順德,IGNORE,0,,,,,NEUTRAL,,20.99,12.697,209.064,19.87,14.75,257.1369,231.125,205.1131,0,0,UNCERTAIN,PREPARE,49564.0,MEDIUM,0.9488259612709709,212.9,4.27,,,-6.72268907563025,-0.03948080043266633,,
2026-10-05,2331,精英,IGNORE,0,5.0,9.0,0.0,,SAFE,,11.05,0.4474,19.6409,41.23,49.67,19.5324,18.9825,18.4326,27,9,UNCERTAIN,PREPARE,32430.0,MEDIUM,0.9914016821768423,19.21,-2.14,,,-1.0526315789473606,-0.009614118266824567,,
2026-10-05,2337,旺宏,IGNORE,0,11.0,3.0,0.0,,SAFE,,8.23,5.2288,125.2979,78.57,69.28,126.7509,120.325,113.8991,9,3,UNCERTAIN,PREPARE,492181.0,HEAVY,0.8619327843136964,123.69,-1.77,,,4.29184549356223,0.009765219198005326,,
2026-10-05,2338,光罩,IGNORE,0,,,,,SAFE,,39.68,2.4975,46.8741,50.04,44.18,53.9043,46.14,38.3757,0,0,UNCERTAIN,PREPARE,13219.0,MEDIUM,0.44757061047201924,48.0,0.41,,,-1.2295081967212962,0.04464672735153874,,
2026-10-05,2342,茂矽,IGNORE,0,,,,,HIGH_RISK,,32.52,2.8045,44.8617,91.84,93.37,52.7829,43.0875,33.3921,0,0,UNCERTAIN,PREPARE,4033.0,LIGHT,1.297236668862576,51.03,-3.19,,,24.74747474747474,0.14650420655642593,,
2026-10-05,2344,華邦電,IGNORE,0,,,,,SAFE,,9.6,8.7379,171.4201,90.12,79.56,189.1236,174.825,160.5264,0,0,UNCERTAIN,PREPARE,915864.0,HEAVY,0.9485871620960282,179.32,0.94,,,6.470588235294117,0.035321035321035366,,
2026-10-05,2345,智邦,IGNORE,0,4.0,0.0,,,HIGH_RISK,,15.06,106.0699,2019.0127,77.14,58.08,2108.7244,1914.75,1720.7756,0,0,UNCERTAIN,PREPARE,319137.0,HEAVY,1.514798856645583,1874.36,10.7,,,15.277777777777768,0.08369238804021406,,
2026-10-05,2347,聯強,IGNORE,0,,,,,NEUTRAL,,30.37,2.4666,88.6505,97.8,94.31,97.7096,91.365,85.0204,0,0,UNCERTAIN,PREPARE,508063.0,HEAVY,0.909569764153878,88.86,9.15,,,8.379888268156432,0.06167569638264103,,
2026-10-05,1227,佳格,IGNORE,0,1.0,0.0,0.0,,SAFE,,9.3,0.3524,29.2821,10.12,18.35,28.6692,28.235,27.8008,0,0,FAKE_B,PREPARE,60885.0,HEAVY,2.083793937407415,,,,,-1.5957446808510634,-0.01717726226314864,,
2026-10-05,1229,聯華,IGNORE,0,5.0,,,,SAFE,,17.43,0.5915,40.8719,24.1,22.01,42.128,40.5575,38.987,0,0,UNCERTAIN,PREPARE,164242.0,HEAVY,0.9912750295218737,41.14,-3.61,,,-1.7348203221809189,-0.022375639524132573,,
2026-10-05,1301,台塑,IGNORE,0,,,,,SAFE,,20.77,2.6932,62.7484,88.96,77.45,68.9937,65.24,61.4863,0,0,UNCERTAIN,PREPARE,2236538.0,HEAVY,1.0118750731900605,65.74,4.19,,,6.037151702786381,0.04996934396076047,,
2026-10-05,1216,統一,IGNORE,0,2.0,,,,SAFE,,12.36,1.0077,76.3015,5.38,11.71,76.7139,74.74,72.7661,0,0,FAKE_B,PREPARE,1927511.0,HEAVY,1.1129291315918817,75.85,-4.16,,,-3.7086092715231778,-0.02729462135402716,,
2026-10-05,1215,卜蜂,IGNORE,0,1.0,0.0,0.0,,NEUTRAL,,9.25,1.8678,107.6754,4.72,10.33,112.2941,107.375,102.4559,0,0,UNCERTAIN,PREPARE,105948.0,HEAVY,0.9936262272564705,,,,,-2.8037383177570097,-0.03143189755529685,,
2026-10-05,1101,台泥,IGNORE,0,,,,,SAFE,,32.77,0.6604,24.5361,59.79,67.36,26.0496,24.745,23.4404,0,0,UNCERTAIN,PREPARE,959131.0,HEAVY,1.0097993184118976,25.65,-2.54,,,2.249488752556239,0.010305112143867312,,
2026-10-05,1102,亞泥,IGNORE,0,,,,,SAFE,,20.95,0.5963,33.9841,42.57,58.38,35.8976,35.3475,34.7974,0,0,UNCERTAIN,PREPARE,505564.0,HEAVY,0.7150154654293583,34.53,1.79,,,-0.4249291784702458,-0.005587382417427067,,
2026-10-05,1210,大成,IGNORE,0,5.0,20.0,0.0,,SAFE,,18.16,0.6691,54.295,16.21,27.44,52.7645,52.025,51.2855,60,20,UNCERTAIN,BUILD,67264.0,HEAVY,1.1987100024816024,52.54,-1.78,,,-0.7692307692307665,-0.008169149447381008,,
2026-10-05,1303,南亞,IGNORE,0,,,,,HIGH_RISK,,29.05,15.2014,208.0071,94.35,85.41,269.915,239.925,209.935,0,0,UNCERTAIN,PREPARE,2411640.0,HEAVY,1.3422720973633688,251.6,13.67,,,21.18644067796611,0.19203917891007594,,
2026-10-05,1442,名軒,IGNORE,0,1.0,0.0,0.0,,NEUTRAL,,26.36,0.8375,29.3916,6.47,17.78,32.8251,29.235,25.6449,0,0,UNCERTAIN,PREPARE,30123.0,MEDIUM,0.7797614107637844,28.86,-9.58,,,-15.533980582524265,-0.10723447922011287,,
2026-10-05,1319,東陽,IGNORE,0,5.0,1.0,,,SAFE,,13.37,1.2898,77.6121,12.79,21.89,81.7792,79.235,76.6908,0,1,UNCERTAIN,PREPARE,69965.0,HEAVY,0.9506654088903348,79.95,-2.69,,,-2.628285356695881,-0.01811068341010902,,
2026-10-05,1326,台化,IGNORE,0,,,,,SAFE,,25.06,3.3425,66.7458,80.79,63.5,73.2227,68.82,64.4173,0,0,UNCERTAIN,PREPARE,2282018.0,HEAVY,0.9988176158365331,69.82,2.55,,,4.37317784256559,0.04039523394362088,,
2026-10-05,1402,遠東新,IGNORE,0,,,,,SAFE,,11.14,0.5545,27.8226,39.8,51.14,29.0525,28.175,27.2975,0,0,UNCERTAIN,PREPARE,935229.0,HEAVY,0.780432613682701,27.74,0.05,,,-1.245551601423489,-0.015084294587400238,,
2026-10-05,2455,全新,IGNORE,0,,,,,HIGH_RISK,,36.08,30.0815,429.2392,79.29,70.08,591.8987,541.75,491.6013,0,0,UNCERTAIN,PREPARE,58898.0,HEAVY,0.2954570307356474,510.68,18.67,,,13.483146067415742,0.11859713890170753,,
2026-10-05,3624,光頡,IGNORE,0,,,,,HIGH_RISK,,45.1,9.4405,117.12,92.22,95.16,163.8048,117.235,70.6652,0,0,UNCERTAIN,PREPARE,58843.0,HEAVY,0.6352297359454224,126.71,14.83,,629.0,17.338709677419352,0.24109694203949328,,
2026-10-05,3630,新鉅科,WAIT,0,6.0,5.0,0.0,,SAFE,,32.97,1.0081,26.831,81.43,65.91,27.9255,26.6525,25.3795,15,5,UNCERTAIN,PREPARE,82078.0,HEAVY,1.0786323179064081,,,,-96.0,5.609284332688591,0.024294156270518785,,
2026-10-05,3645,達邁,IGNORE,0,,,,,NEUTRAL,,18.59,2.895,71.8783,89.24,81.88,76.8644,71.43,65.9956,0,0,UNCERTAIN,PREPARE,13543.0,MEDIUM,2.412278638369684,74.81,1.59,,,10.465116279069765,0.0639787204255915,,
2026-10-05,3653,健策,IGNORE,0,,,,,HIGH_RISK,,27.07,384.9461,4840.8929,95.05,90.1,7318.3709,6058.5,4798.6291,0,0,FAKE_B,PREPARE,37590.0,MEDIUM,0.9347403163864537,5402.58,33.36,,,34.54715219421103,0.18923826029545276,,
2026-10-05,3661,世芯-KY,IGNORE,0,10.0,0.0,,NEUTRAL,SAFE,,12.68,187.9365,3689.2662,94.27,83.81,4239.2064,3744.25,3249.2936,0,1,UNCERTAIN,PREPARE,43812.0,MEDIUM,1.276498059943375,3618.3,9.17,,-2636.0,19.878603945371776,0.05495092475128538,,
2026-10-05,3663,鑫科,WAIT,35,6.0,2.0,3.0,,SAFE,,35.02,2.5671,64.2654,80.54,80.22,65.1722,61.69,58.2078,8,4,UNCERTAIN,PREPARE,,NONE,1.3789692866865442,,,,196.0,8.965517241379306,0.024477224833846734,,
2026-10-05,3665,貿聯-KY,IGNORE,0,8.0,0.0,,NEUTRAL,HIGH_RISK,,25.2,140.2862,2147.1949,84.1,88.22,2676.5555,2196.25,1715.9445,0,0,UNCERTAIN,PREPARE,,NONE,1.524012663978155,2491.26,-0.25,,91.0,23.631840796019898,0.13147410358565748,,
2026-10-05,3615,安可,IGNORE,0,5.0,0.0,,,HIGH_RISK,,43.11,2.4427,40.2473,94.38,85.6,45.077,37.96,30.843,0,1,UNCERTAIN,PREPARE,,NONE,1.4811026802559077,45.0,-1.22,,389.0,30.927835051546392,0.1709694415173868,,
2026-10-05,3580,友威科,IGNORE,0,,,,,HIGH_RISK,,59.16,5.1832,94.3469,90.73,92.24,115.666,93.025,70.384,0,0,UNCERTAIN,PREPARE,,NONE,1.1225502502400235,98.83,9.28,,399.0,31.868131868131865,0.16097823165815628,,
2026-10-05,3583,辛耘,WAIT,5,11.0,1.0,,,SAFE,,9.67,32.3856,723.7502,90.63,80.68,746.6652,705.75,664.8348,1,2,UNCERTAIN,PREPARE,17451.0,MEDIUM,1.5438067205077848,727.82,2.22,,,8.139534883720923,0.054197662061636454,,
2026-10-05,3587,閎康,IGNORE,0,,,,,SAFE,,19.44,7.6438,253.5701,88.01,69.97,260.8461,243.8,226.7539,0,0,UNCERTAIN,PREPARE,,NONE,3.311328008489374,243.64,5.69,,62.0,10.51502145922747,0.056193601312551245,,
2026-10-05,3588,通嘉,WAIT,30,6.0,2.0,3.0,,NEUTRAL,,16.33,2.1764,56.8863,82.52,82.48,57.8532,53.24,48.6268,9,5,UNCERTAIN,PREPARE,,NONE,1.8610824880538561,,,,,11.111111111111116,0.07062359128474838,,
2026-10-05,3591,艾笛森,IGNORE,0,,,,,HIGH_RISK,,35.74,1.5239,23.7785,89.15,84.83,28.5132,24.4375,20.3618,0,0,UNCERTAIN,PREPARE,,NONE,0.9259900687075082,26.27,5.82,,,18.803418803418804,0.13759590792838883,,
2026-10-05,3594,磐儀,WAIT,0,8.0,3.0,0.0,,SAFE,,25.22,1.7026,53.1066,58.24,60.18,50.3007,47.44,44.5793,9,3,UNCERTAIN,PREPARE,,NONE,0.7487150494721296,,,,69.0,-0.6451612903225712,-0.02613827993254625,,
2026-10-05,3596,智易,IGNORE,0,4.0,4.0,0.0,,SAFE,,28.05,3.5036,161.0087,60.55,44.45,158.9458,154.675,150.4042,12,4,FAKE_B,PREPARE,,NONE,1.1088980571299754,,,,,1.298701298701288,0.008566348795862266,,
2026-10-05,3605,宏致,IGNORE,0,,,,,HIGH_RISK,,40.88,11.507,129.3225,51.69,75.06,199.0924,150.2,101.3076,0,0,UNCERTAIN,PREPARE,,NONE,0.5138800128093419,151.92,10.59,,,19.999999999999996,0.118508655126498,,
2026-10-05,3707,漢磊,IGNORE,0,,,,,HIGH_RISK,,42.84,4.2972,71.5519,97.12,89.53,83.4497,66.84,50.2303,0,0,UNCERTAIN,PREPARE,,NONE,3.801723351837846,81.73,4.37,,590.0,41.694352159468416,0.27618192698982624,,
2026-10-05,3709,鑫聯大投控,WAIT,0,8.0,3.0,0.0,,SAFE,,61.26,1.5037,72.3862,75.44,69.88,68.3686,64.36,60.3514,9,3,UNCERTAIN,PREPARE,,NONE,0.9081092372948653,64.97,-0.88,,-46.0,3.8709677419354938,0.0006215040397763438,,
2026-10-05,3711,日月光投控,IGNORE,0,,,,,HIGH_RISK,,23.54,28.3703,620.4603,98.0,93.64,747.9638,654.95,561.9362,0,0,UNCERTAIN,PREPARE,,NONE,1.0906609735685193,647.55,14.59,,,20.846905537459293,0.13291090922971205,,
2026-10-05,3714,富采,IGNORE,0,,,,NEUTRAL,SAFE,,33.69,3.2092,62.5178,67.37,79.88,72.3228,66.185,60.0472,0,0,UNCERTAIN,PREPARE,,NONE,1.282283665450944,65.45,4.2,,8.0,4.122137404580162,0.030444964871194413,,
2026-10-05,3715,定穎投控,IGNORE,0,,,,DISTRIBUTION,NEUTRAL,,27.68,5.978,123.5334,88.55,73.54,134.4321,124.375,114.3179,0,0,UNCERTAIN,PREPARE,,NONE,2.0580519131153987,,,,563.0,12.23628691983123,0.06934673366834176,,
2026-10-05,3717,聯嘉投控,IGNORE,0,4.0,0.0,,,HIGH_RISK,,38.88,1.3809,25.3852,85.06,85.27,29.1908,24.025,18.8592,0,0,UNCERTAIN,PREPARE,,NONE,1.7275442791556308,26.45,4.91,,,21.17903930131004,0.15504682622268473,,
2026-10-05,4105,東洋,IGNORE,0,,,,,SAFE,,31.04,0.8432,77.3203,58.77,77.32,79.4105,78.025,76.6395,0,0,UNCERTAIN,PREPARE,,NONE,0.9872361002828759,77.23,1.38,,10.0,0.256081946222797,0.003524511374559225,,
2026-10-05,3706,神達,WAIT,0,13.0,1.0,,,SAFE,,21.9,2.0409,88.6224,60.73,52.8,91.0425,81.74,72.4375,0,1,UNCERTAIN,PREPARE,,NONE,0.8214516343113542,89.22,-9.89,,,-0.1242236024844634,-0.016393442622950727,,
2026-10-05,3673,TPK-KY,IGNORE,0,,,,,HIGH_RISK,,24.76,3.5102,68.5639,87.31,87.77,77.5694,66.875,56.1806,0,0,UNCERTAIN,PREPARE,,NONE,3.2301574999138736,,,,,20.376175548589348,0.14841121495327103,,
2026-10-05,3675,德微,IGNORE,0,,,,,HIGH_RISK,,35.31,21.7463,315.0747,93.1,91.48,367.6995,300.85,234.0005,0,0,UNCERTAIN,PREPARE,,NONE,1.6916819438609754,329.29,5.99,,115.0,22.671353251318106,0.16004653481801556,,
2026-10-05,3680,家登,IGNORE,0,,,,,NEUTRAL,,37.33,20.2479,495.6603,97.29,90.64,568.6583,523.95,479.2417,0,0,UNCERTAIN,PREPARE,31004.0,MEDIUM,1.4199018389135383,521.16,7.64,,-191.0,10.650887573964507,0.07071285427998841,,
2026-10-05,3689,湧德,IGNORE,0,,,,,SAFE,,25.63,3.7814,113.28,90.08,73.97,119.4392,111.8,104.1608,0,0,UNCERTAIN,PREPARE,,NONE,0.6145778316207927,110.86,1.93,,-36.0,6.103286384976525,0.01073345259391778,,
2026-10-05,3693,營邦,IGNORE,0,,,,,SAFE,,43.35,36.0379,617.4257,34.39,51.03,754.5141,665.45,576.3859,0,0,UNCERTAIN,PREPARE,,NONE,0.7882305803924056,632.23,8.98,,-462.0,0.14534883720929148,0.035389585994439754,,
2026-10-05,3694,海華,IGNORE,0,4.0,10.0,0.0,,SAFE,,10.55,1.2722,58.4556,79.86,78.93,51.9349,50.255,48.5751,30,10,UNCERTAIN,PREPARE,,NONE,1.0529046246375968,50.91,0.57,,,1.9920318725099584,0.018804099094617666,,
2026-10-05,3701,大眾控,WAIT,25,5.0,1.0,4.0,,HIGH_RISK,,32.23,2.7533,44.6578,93.81,84.41,54.7831,43.4325,32.0819,2,5,UNCERTAIN,PREPARE,,NONE,2.117450104295943,49.65,22.65,,,47.63636363636363,0.40217579001899506,,
2026-10-05,3702,大聯大,IGNORE,0,10.0,0.0,11.0,,NEUTRAL,,21.29,3.886,111.6845,94.65,90.55,121.8374,111.15,100.4626,2,4,UNCERTAIN,LATE,584167.0,HEAVY,0.5020748409990272,111.12,7.09,,,7.2072072072072,0.07062528115159683,,
2026-10-05,3703,欣陸,IGNORE,0,,,,,SAFE,,10.19,0.2765,19.9204,12.73,25.61,20.1164,19.74,19.3636,0,0,FAKE_B,PREPARE,,NONE,1.2465764011771656,,,,,-2.7568922305764465,-0.017223910840932333,,
2026-10-05,3704,合勤控,WAIT,5,9.0,10.0,0.0,,SAFE,,12.82,1.3289,44.1047,14.58,25.93,41.8003,40.3125,38.8247,30,10,UNCERTAIN,PREPARE,,NONE,0.544384513492498,,,,,-0.6203473945409432,-0.006511627906976791,,
2026-10-05,3437,榮創,IGNORE,0,,,,,NEUTRAL,,34.83,1.133,20.9303,65.93,78.82,24.1899,20.285,16.3801,0,0,UNCERTAIN,PREPARE,,NONE,1.0352845534672468,21.88,0.11,,,7.6167076167076075,0.07961547941828928,,
2026-10-05,3443,創意,IGNORE,0,,,,,HIGH_RISK,,44.94,443.0273,5244.459,81.3,81.45,9174.0418,7074.75,4975.4582,0,0,UNCERTAIN,PREPARE,36639.0,MEDIUM,0.47083687032361116,6808.1,26.32,,,32.30769230769231,0.21559065691367185,,
2026-10-05,3466,德晉,IGNORE,0,3.0,,,,SAFE,,60.64,0.5492,25.9104,48.59,30.83,25.0098,24.285,23.5602,0,0,UNCERTAIN,PREPARE,,NONE,1.1232719993889944,24.21,0.35,,197.0,0.6211180124223725,0.0006176652254479276,,
2026-10-05,3481,群創,IGNORE,0,,,,,SAFE,,19.74,2.6011,51.0384,67.71,72.69,53.725,49.81,45.895,0,0,UNCERTAIN,PREPARE,,NONE,1.6215406234923209,53.16,-1.61,,,7.835051546391747,0.049989961855049,,
2026-10-05,3455,由田,IGNORE,0,,,,,HIGH_RISK,,42.73,20.0232,249.7232,91.42,84.77,289.3305,251.825,214.3195,0,0,UNCERTAIN,PREPARE,,NONE,2.6351428890481112,253.25,11.95,,1382.0,22.9934924078091,0.1257817929117444,,
2026-10-05,3430,奇鈦科,WAIT,15,8.0,4.0,2.0,,SAFE,,29.06,4.9691,111.4235,90.79,77.75,119.2057,108.875,98.5443,12,4,UNCERTAIN,PREPARE,,NONE,0.9839131477276482,112.52,0.42,,5.0,12.43781094527363,0.03788748564867972,,
2026-10-05,3357,臺慶科,WAIT,5,11.0,1.0,,,SAFE,,27.96,9.0183,215.3163,83.56,63.76,223.5617,208.6,193.6383,0,1,UNCERTAIN,PREPARE,,NONE,1.814683945027455,212.5,2.59,,73.0,9.547738693467345,0.04506232023010548,,
2026-10-05,3362,先進光,IGNORE,0,10.0,,,,SAFE,,42.5,10.0299,179.3339,69.67,45.72,212.0592,184.325,156.5908,0,0,UNCERTAIN,PREPARE,,NONE,2.4352586758859096,198.16,-3.61,,577.0,13.353115727002972,0.03621321036213221,,
2026-10-05,3363,上詮,IGNORE,0,3.0,,,,NEUTRAL,,31.49,41.9224,675.2076,37.59,24.39,777.853,689.95,602.047,0,0,UNCERTAIN,PREPARE,,NONE,0.683446941128332,655.94,1.23,,497.0,-1.6296296296296253,-0.0376114211174724,,
2026-10-05,3374,精材,IGNORE,0,,,,,HIGH_RISK,,39.93,28.6765,368.7439,85.01,74.88,508.0876,438.15,368.2124,0,0,UNCERTAIN,PREPARE,,NONE,0.29601575213202597,431.39,15.56,,-1409.0,16.065192083818403,0.13773821750542048,,
2026-10-05,3376,新日興,IGNORE,0,5.0,,,,NEUTRAL,,22.69,6.4654,192.9459,16.49,20.15,208.8972,182.9,156.9028,0,0,FAKE_B,PREPARE,,NONE,0.557645847773144,,,,,-2.279202279202275,-0.062329141607435745,,
2026-10-05,3380,明泰,IGNORE,0,,,,,SAFE,,31.86,1.1582,30.1837,42.35,54.06,33.0169,30.9375,28.8581,0,0,UNCERTAIN,PREPARE,,NONE,0.6771753265567116,31.95,-2.03,,,3.13014827018121,0.011717171717171793,,
2026-10-05,3388,崇越電,IGNORE,0,,,,,SAFE,,41.2,2.7929,92.4591,81.93,58.74,95.7695,85.575,75.3805,0,0,UNCERTAIN,PREPARE,,NONE,0.6413678606203986,94.76,-10.73,,-4.0,4.444444444444429,-0.01139351446099901,,
2026-10-05,3402,漢科,IGNORE,0,4.0,3.0,7.0,,HIGH_RISK,,61.27,3.6576,129.6912,98.96,95.67,138.9996,126.75,114.5004,14,8,UNCERTAIN,LATE,,NONE,2.9301495653718854,,,,12.0,13.36032388663968,0.10453648915187386,,
2026-10-05,3406,玉晶光,IGNORE,0,,,,,HIGH_RISK,,30.42,68.874,809.323,65.86,40.76,1109.0613,976.1,843.1387,0,0,FAKE_B,PREPARE,,NONE,0.9594036474524672,,,,,9.326424870466333,0.08083188197930546,,
2026-10-05,3413,京鼎,IGNORE,0,5.0,9.0,1.0,,SAFE,,16.68,6.77,324.1466,96.12,92.05,296.0709,284.35,272.6291,27,9,UNCERTAIN,PREPARE,27275.0,MEDIUM,1.4083266749346237,289.0,2.08,,,4.982206405693956,0.03745384209600844,,
2026-10-05,3490,單井,IGNORE,0,,,,,SAFE,,30.14,3.5681,48.3125,70.28,73.85,51.9955,45.865,39.7345,0,0,UNCERTAIN,PREPARE,,NONE,1.4324289663877021,51.39,-10.19,,1076.0,9.619952494061756,0.006213888586067862,,
2026-10-05,3491,昇達科,IGNORE,0,,,,,HIGH_RISK,,28.54,105.2326,1375.9875,78.99,72.96,1612.7173,1476.75,1340.7827,0,0,UNCERTAIN,PREPARE,,NONE,1.3616065246981326,1455.74,11.97,,12.0,17.266187050359715,0.1037751819874726,,
2026-10-05,3533,嘉澤,IGNORE,0,7.0,0.0,,,HIGH_RISK,,12.69,81.1278,1683.8093,95.08,85.92,1887.0168,1666.0,1444.9832,1,2,UNCERTAIN,PREPARE,48833.0,MEDIUM,1.283219316294733,,,,,20.578778135048225,0.1254501800720289,,
2026-10-05,3535,晶彩科,IGNORE,0,4.0,4.0,5.0,,SAFE,,20.41,3.8277,89.275,93.63,86.78,94.5658,87.925,81.2842,15,7,UNCERTAIN,LATE,,NONE,1.131923718603515,86.75,6.86,,,7.167630057803476,0.054307648564117184,,
2026-10-05,3543,州巧,IGNORE,0,,,,,HIGH_RISK,,33.78,2.339,43.1195,96.34,90.73,53.2045,45.8175,38.4305,0,0,UNCERTAIN,PREPARE,,NONE,2.4825148616972577,50.73,6.44,,,21.896162528216713,0.17858896709772454,,
2026-10-05,3545,敦泰,IGNORE,0,,,,,SAFE,,14.46,1.5933,49.4767,47.74,67.9,52.9095,50.72,48.5305,0,0,UNCERTAIN,PREPARE,34219.0,MEDIUM,1.1131681225412482,50.58,-0.36,,,-0.1980198019801982,-0.006309148264984188,,
2026-10-05,3548,兆利,IGNORE,0,1.0,0.0,0.0,,NEUTRAL,,31.9,3.1742,83.5756,12.17,15.53,88.8399,80.395,71.9501,0,0,UNCERTAIN,PREPARE,,NONE,1.378105309544766,77.2,-2.07,,50.0,-3.076923076923088,-0.05964301262516325,,
2026-10-05,3550,聯穎,IGNORE,0,5.0,0.0,5.0,,NEUTRAL,,21.8,1.1226,24.2333,75.52,80.91,26.6181,23.6375,20.6569,1,3,UNCERTAIN,LATE,,NONE,0.8649428780730485,24.12,4.08,,,10.329670329670337,0.06187202538339509,,
2026-10-05,3552,同致,WAIT,5,6.0,3.0,2.0,,SAFE,,71.93,1.6041,44.5334,75.81,68.08,45.8983,43.1525,40.4067,10,4,UNCERTAIN,PREPARE,,NONE,1.0345954038025287,,,,150.0,6.347305389221547,0.028909101442558427,,
2026-10-05,3555,博士旺,IGNORE,0,6.0,,,,NEUTRAL,,24.09,9.6539,177.3862,8.4,9.72,207.7087,180.15,152.5913,0,0,UNCERTAIN,PREPARE,,NONE,0.3321182924707154,187.8,-11.34,,-7.0,-9.999999999999998,-0.07577019150707742,,
2026-10-05,3556,禾瑞亞,WAIT,0,12.0,1.0,,,SAFE,,40.16,1.4392,67.092,84.14,74.2,63.3659,58.56,53.7541,0,1,UNCERTAIN,PREPARE,,NONE,0.8396707327109795,60.83,-3.84,,3.0,4.651162790697683,-0.0010245901639344135,,
2026-10-05,3563,牧德,IGNORE,0,7.0,0.0,,,HIGH_RISK,,21.67,34.6096,705.3723,75.86,76.91,814.1877,706.85,599.5123,0,0,UNCERTAIN,PREPARE,,NONE,1.5574045988450458,764.57,0.32,,,16.388467374810322,0.08509584777534118,,
2026-10-05,3532,台勝科,IGNORE,0,,,,,NEUTRAL,,35.94,28.9369,406.9071,93.89,94.7,487.2531,436.25,385.2469,0,0,UNCERTAIN,PREPARE,,NONE,0.763581447232788,388.75,20.77,,,6.34201585503964,0.07621776504297983,,
2026-10-05,3498,陽程,IGNORE,0,,,,,HIGH_RISK,,50.85,16.3707,183.985,85.17,77.94,238.6847,202.725,166.7653,0,0,UNCERTAIN,PREPARE,,NONE,1.5169689426399147,200.61,17.89,,784.0,24.146981627296583,0.16660500678258727,,
2026-10-05,3504,揚明光,IGNORE,0,,,,,SAFE,,17.06,3.8129,80.0365,77.5,58.95,87.5977,80.965,74.3323,0,0,UNCERTAIN,PREPARE,,NONE,1.5969063195340134,85.04,-0.4,,,7.623888182973326,0.046131044278391986,,
2026-10-05,3518,柏騰,IGNORE,0,,,,,HIGH_RISK,,50.4,2.2963,36.8309,98.18,95.56,45.0193,33.5825,22.1457,0,0,UNCERTAIN,PREPARE,,NONE,2.561512381790427,37.53,29.9,,,56.752411575562704,0.4516489242909254,,
2026-10-05,3529,力旺,IGNORE,0,5.0,0.0,,,HIGH_RISK,,48.76,181.5208,2709.3982,83.82,85.87,3504.7666,2820.0,2135.2334,0,1,UNCERTAIN,PREPARE,,NONE,0.5557026452140592,2759.02,14.35,,-72.0,15.567765567765557,0.11879432624113484,,
2026-10-05,3354,律勝,IGNORE,0,,,,,HIGH_RISK,,45.72,2.3343,27.3293,82.85,75.73,32.8455,27.68,22.5145,0,0,UNCERTAIN,PREPARE,,NONE,2.0803579080391317,30.1,4.98,,49.0,12.857142857142856,0.14161849710982666,,
2026-10-05,4720,德淵,IGNORE,0,,,,NEUTRAL,HIGH_RISK,,31.35,0.8379,20.1978,84.76,76.71,21.3169,19.05,16.7831,0,0,UNCERTAIN,PREPARE,,NONE,9.146491798197827,21.01,9.47,,-20.0,23.324396782841838,0.20734908136482932,,
2026-10-05,4721,美琪瑪,IGNORE,0,,,,,HIGH_RISK,,40.95,2.2547,75.9066,95.36,86.33,82.3138,74.9,67.4862,0,0,UNCERTAIN,PREPARE,,NONE,1.3606876574493696,78.98,2.43,,37.0,13.623595505617981,0.08010680907877177,,
2026-10-05,4722,國精化,IGNORE,0,9.0,0.0,,,HIGH_RISK,,18.99,12.9593,213.0967,87.14,77.43,220.1631,194.425,168.6869,0,0,UNCERTAIN,PREPARE,,NONE,4.729484160639855,199.29,12.4,,,22.404371584699454,0.15211521152115215,,
2026-10-05,4556,旭然,IGNORE,0,6.0,0.0,,,HIGH_RISK,,46.14,8.3995,94.7646,94.85,88.29,119.1354,86.375,53.6146,0,0,UNCERTAIN,PREPARE,,NONE,2.311817515542104,114.5,9.61,,-245.0,38.82743362831857,0.4529667149059333,,
2026-10-05,4566,時碩工業,IGNORE,0,9.0,0.0,7.0,,HIGH_RISK,,27.37,2.8428,70.9623,97.67,92.99,77.9295,67.54,57.1505,2,4,UNCERTAIN,LATE,,NONE,2.3250050799721453,73.02,6.14,,,19.783616692426587,0.14746816701214116,,
2026-10-05,4576,大銀微系統,IGNORE,0,,,,NEUTRAL,SAFE,,21.52,11.7732,224.2433,63.29,56.65,247.296,235.25,223.204,0,0,UNCERTAIN,PREPARE,,NONE,0.7874017687252868,235.83,-0.35,,20.0,1.5118790496760237,-0.0010626992561104665,,
2026-10-05,4772,台特化,IGNORE,0,,,,,HIGH_RISK,,37.91,12.1466,261.2566,88.36,77.78,283.1084,254.85,226.5916,0,0,UNCERTAIN,PREPARE,,NONE,2.4165336913461957,269.19,3.27,,261.0,16.561844863731643,0.09083774769472241,,
2026-10-05,4903,聯光通,IGNORE,0,8.0,0.0,,,HIGH_RISK,,55.81,2.0872,40.3466,90.56,82.8,46.421,38.4225,30.424,0,0,UNCERTAIN,PREPARE,,NONE,1.3784601254709548,37.22,17.67,,-118.0,25.86206896551724,0.1399570564122583,,
2026-10-05,4904,遠傳,IGNORE,0,,,,,SAFE,,16.24,1.9959,102.0674,54.82,44.14,107.4974,105.1,102.7026,0,0,UNCERTAIN,PREPARE,,NONE,1.3216466506635887,102.13,3.3,,,-0.9389671361502372,0.0038058991436726863,,
2026-10-05,4906,正文,IGNORE,0,,,,NEUTRAL,HIGH_RISK,,23.39,1.8637,37.2174,89.78,85.15,42.5467,37.8925,33.2383,0,0,UNCERTAIN,PREPARE,,NONE,2.533839106129392,38.74,8.79,,-1243.0,16.759002770083086,0.11235732664775355,,
2026-10-05,4909,新復興,IGNORE,0,10.0,,,,SAFE,,34.6,1.7246,40.0149,89.54,71.06,41.2599,36.3475,31.4351,0,0,UNCERTAIN,PREPARE,,NONE,0.5659690672494125,36.23,2.96,,-52.0,11.011904761904745,0.026205378636770194,,
2026-10-05,4915,致伸,IGNORE,0,,,,NEUTRAL,SAFE,,28.5,1.3571,63.7567,32.79,41.13,67.0268,63.575,60.1232,0,0,FAKE_B,PREPARE,117285.0,HEAVY,0.4819914108145724,65.3,-2.45,,-2123.0,-0.312989045383405,0.0019661816751868066,,
2026-10-05,4916,事欣科,IGNORE,0,5.0,2.0,1.0,,SAFE,,15.05,3.4477,104.831,79.33,73.77,109.2775,99.84,90.4025,9,5,UNCERTAIN,PREPARE,,NONE,1.4691853443237917,103.84,1.12,,,1.9417475728155331,0.05168269230769229,,
2026-10-05,4919,新唐,IGNORE,0,6.0,0.0,,,HIGH_RISK,,27.25,9.1197,137.9672,91.85,91.79,158.3905,128.175,97.9595,0,0,UNCERTAIN,PREPARE,3125.0,LIGHT,2.2990400979549617,,,,,35.21739130434782,0.21318509849814693,,
2026-10-05,4770,上品,IGNORE,0,6.0,0.0,11.0,,HIGH_RISK,,40.52,11.9584,245.0601,77.99,82.93,297.4283,251.85,206.2717,2,5,UNCERTAIN,LATE,,NONE,0.6937005342368692,247.18,11.05,,,13.429752066115697,0.08993448481238842,,
2026-10-05,4768,晶呈科技,IGNORE,0,,,,,HIGH_RISK,,45.07,22.8616,331.0745,92.32,88.35,376.6,322.35,268.1,0,0,UNCERTAIN,PREPARE,,NONE,1.4378101249462922,334.48,9.12,,270.0,21.2624584717608,0.13230960136497583,,
2026-10-05,4739,康普,IGNORE,0,11.0,0.0,,,NEUTRAL,,20.91,3.2338,88.0917,88.61,82.08,89.3485,81.44,73.5315,0,0,UNCERTAIN,PREPARE,,NONE,0.9179306397768011,,,,,9.66122961104141,0.07318271119842845,,
2026-10-05,4743,合一,WAIT,55,9.0,3.0,1.0,,SAFE,,33.35,1.4524,46.7875,88.2,71.33,47.997,45.5025,43.008,9,3,UNCERTAIN,PREPARE,,NONE,2.7709676619001793,,,,-23.0,8.400460299194478,0.03510796110103831,,
2026-10-05,4755,三福化,IGNORE,0,7.0,5.0,2.0,,SAFE,,11.99,3.6609,119.7434,93.04,90.14,121.5379,115.525,109.5121,16,6,UNCERTAIN,PREPARE,,NONE,1.2003288481521437,119.71,1.08,,,6.140350877192979,0.04739233932049336,,
2026-10-05,4760,勤凱,IGNORE,0,,,,,HIGH_RISK,,23.32,15.6027,263.7166,81.73,63.57,316.9139,270.725,224.5361,0,0,UNCERTAIN,PREPARE,,NONE,1.0948705750089756,291.9,19.39,,-75.0,36.39921722113504,0.28728414442700156,,
2026-10-05,4763,材料*-KY,IGNORE,0,4.0,9.0,0.0,,NEUTRAL,,8.55,2.2339,48.9706,24.8,35.06,51.2855,48.12,44.9545,27,9,UNCERTAIN,PREPARE,,NONE,0.7234376727951061,48.9,-5.21,,,-2.8301886792452824,-0.036783042394014864,,
2026-10-05,4766,南寶,IGNORE,0,,,,,SAFE,,14.44,5.6654,334.7458,61.09,61.2,351.3401,341.9,332.4599,0,0,UNCERTAIN,PREPARE,,NONE,1.205716795015361,345.03,0.43,,,1.3157894736842035,0.013454226381983014,,
2026-10-05,4164,承業醫,WAIT,35,8.0,7.0,7.0,,SAFE,,21.43,0.5292,26.6362,75.72,79.68,27.5707,26.195,24.8193,22,8,UNCERTAIN,LATE,,NONE,1.2080109277568232,26.71,0.89,,,4.457364341085257,0.028822294330979048,,
2026-10-05,4123,晟德,WAIT,5,8.0,7.0,0.0,,SAFE,,53.4,0.5907,33.4393,52.89,63.64,31.9703,30.84,29.7097,21,7,UNCERTAIN,PREPARE,,NONE,0.8968852082703119,31.2,-1.12,,16.0,1.6474464579901094,0.00032425421530501986,,
2026-10-05,4147,中裕,IGNORE,0,,,,,NEUTRAL,,19.96,2.4419,65.3874,30.62,41.29,66.7193,62.54,58.3607,0,0,UNCERTAIN,PREPARE,,NONE,1.1108280546759355,62.83,-4.51,,57.0,0.16694490818029983,-0.040614007035497335,,
2026-10-05,4195,基米-創,IGNORE,0,5.0,0.0,,,HIGH_RISK,,34.34,0.6356,15.6114,83.16,71.36,16.2765,14.0925,11.9085,0,0,UNCERTAIN,PREPARE,,NONE,1.1138567760307525,,,,,18.250950570342205,0.10342380698953368,,
2026-10-05,4510,高鋒,IGNORE,0,,,,,NEUTRAL,,24.7,1.4512,45.5908,44.08,45.4,47.283,44.035,40.787,0,0,UNCERTAIN,PREPARE,,NONE,0.4504752451540292,45.91,-7.11,,-68.0,2.0334928229665206,-0.03145225388895212,,
2026-10-05,4526,東台,IGNORE,0,,,,,SAFE,,23.61,1.3615,32.4461,84.16,81.42,34.6009,31.945,29.2891,0,0,UNCERTAIN,PREPARE,,NONE,0.6961484210796856,32.59,2.79,,,7.54414125200642,0.04867741430583816,,
2026-10-05,4533,協易機,IGNORE,0,,,,,SAFE,,24.76,0.6239,25.7834,89.58,75.03,26.7103,25.435,24.1597,0,0,UNCERTAIN,PREPARE,,NONE,1.2358104253200017,25.99,-1.71,,-587.0,4.073319755600813,0.0045213288775309834,,
2026-10-05,4534,慶騰,WAIT,0,6.0,2.0,,,SAFE,,35.78,1.4181,34.0159,71.12,69.93,32.3006,29.5575,26.8144,6,2,UNCERTAIN,PREPARE,,NONE,1.187751827526454,28.41,6.65,,0.0,8.797127468581678,0.02512052778482632,,
2026-10-05,4540,全球傳動,IGNORE,0,,,,,SAFE,,35.93,2.3036,58.4261,59.99,72.65,63.0139,59.62,56.2261,0,0,UNCERTAIN,PREPARE,,NONE,0.7052118685412978,61.88,-2.07,,,2.7118644067796627,0.016437437101644026,,
2026-10-05,4541,晟田,IGNORE,0,10.0,,,,SAFE,,37.32,2.5796,66.6342,87.49,71.77,67.6407,60.8,53.9593,0,0,UNCERTAIN,PREPARE,,NONE,0.536914837016657,59.61,1.99,,-98.0,6.2937062937062915,0.0,,
2026-10-05,4542,科嶠,IGNORE,0,5.0,0.0,,,HIGH_RISK,,42.96,20.0255,296.9877,93.39,83.89,364.3452,296.775,229.2048,0,0,UNCERTAIN,PREPARE,,NONE,0.9390028760421198,330.31,8.38,,68.0,42.06349206349207,0.2063010698340495,,
2026-10-05,4543,萬在,WAIT,0,10.0,1.0,,,SAFE,,61.08,0.646,30.4288,86.79,68.82,31.1726,29.165,27.1574,0,1,UNCERTAIN,PREPARE,,NONE,1.1168568727465793,28.36,6.3,,34.0,7.6785714285714235,0.03377335847762719,,
2026-10-05,4303,信立,IGNORE,0,1.0,0.0,0.0,,NEUTRAL,,51.77,1.5663,39.9477,0.51,1.78,40.1356,35.4525,30.7694,0,0,UNCERTAIN,PREPARE,,NONE,0.944445258367709,34.01,-5.92,,77.0,-10.48951048951049,-0.0973838234257105,,
2026-10-05,3339,泰谷,IGNORE,0,,,,,SAFE,,47.43,2.5079,43.295,75.14,75.24,48.5983,44.6725,40.7467,0,0,UNCERTAIN,PREPARE,,NONE,0.6418783516406549,43.06,6.6,,120.0,8.38252656434475,0.027477754770832252,,
2026-10-05,2645,長榮航太,IGNORE,0,5.0,9.0,0.0,,SAFE,,9.19,4.3676,201.0032,35.62,46.59,175.2794,172.8,170.3206,27,9,UNCERTAIN,PREPARE,,NONE,1.3199434998889423,172.71,-0.41,,,-0.28985507246376274,-0.00462962962962965,,
2026-10-05,2646,星宇航空,IGNORE,0,4.0,2.0,,,SAFE,,15.38,0.2624,20.9534,11.11,18.63,20.6739,20.28,19.8861,6,2,FAKE_B,PREPARE,,NONE,0.7592443658310682,21.06,-4.8,,,-0.987654320987652,-0.01134122287968431,,
2026-10-05,2903,遠百,IGNORE,0,1.0,0.0,0.0,,SAFE,,10.97,0.2772,22.1137,16.15,31.18,22.6064,22.1375,21.6686,0,0,FAKE_B,PREPARE,,NONE,1.2125538192424037,22.56,-3.58,,,-1.3605442176870763,-0.017504234895539206,,
2026-10-05,2912,統一超,IGNORE,0,2.0,,,,SAFE,,27.21,2.4942,227.6069,7.02,8.01,219.4095,214.725,210.0405,0,0,UNCERTAIN,PREPARE,149193.0,HEAVY,0.7329962875183684,222.18,-5.03,,,-2.9885057471264354,-0.017347770404005147,,
2026-10-05,2637,慧洋-KY,IGNORE,0,,,,,SAFE,,28.59,3.7492,93.551,35.15,40.54,104.1257,99.535,94.9443,0,0,UNCERTAIN,PREPARE,,NONE,0.3723710347937927,91.48,6.8,,,-4.2156862745098,-0.01843572612648814,,
2026-10-05,2634,漢翔,IGNORE,0,,,,,SAFE,,21.85,2.1442,66.4366,68.58,59.23,66.517,64.195,61.873,0,0,UNCERTAIN,PREPARE,,NONE,1.1901717102312188,65.21,-0.93,,,1.0954616588419341,0.006308902562504715,,
2026-10-05,2476,鉅祥,IGNORE,0,,,,,SAFE,,9.85,4.0515,122.0521,90.4,82.45,127.7893,121.75,115.7107,0,0,UNCERTAIN,PREPARE,,NONE,1.7611791693861794,125.06,2.75,,,7.531380753138084,0.05544147843942504,,
2026-10-05,2478,大毅,IGNORE,0,,,,,SAFE,,8.15,6.6212,132.1535,85.92,72.6,127.8531,121.4,114.9469,0,0,UNCERTAIN,PREPARE,,NONE,1.7186771805948036,122.78,3.03,,,7.203389830508478,0.042009884678748,,
2026-10-05,2481,強茂,IGNORE,0,,,,,HIGH_RISK,,29.07,10.7877,155.1382,89.68,89.31,184.7405,165.1,145.4595,0,0,UNCERTAIN,PREPARE,,NONE,1.3550261115957363,179.88,0.34,,,10.73619631901841,0.0932768019382193,,
2026-10-05,2484,希華,IGNORE,0,,,,,HIGH_RISK,,20.06,4.9419,77.3167,97.62,92.24,85.4006,73.03,60.6594,0,0,UNCERTAIN,PREPARE,,NONE,2.500230094835217,81.22,6.37,,,22.901849217638713,0.18307544844584434,,
2026-10-05,2485,兆赫,IGNORE,0,11.0,1.0,,,HIGH_RISK,,13.52,1.7674,42.2179,81.37,70.71,43.0898,40.09,37.0902,1,2,UNCERTAIN,PREPARE,,NONE,6.276210294282125,41.16,8.37,,,13.341804320203309,0.11249688201546526,,
2026-10-05,2486,一詮,IGNORE,0,,,,,SAFE,,18.94,11.183,239.5613,84.36,73.44,256.5162,239.75,222.9838,0,0,UNCERTAIN,PREPARE,,NONE,1.1393559087330427,247.0,0.0,,,7.860262008733621,0.030239833159541263,,
2026-10-05,2489,瑞軒,IGNORE,0,,,,,SAFE,,15.88,2.2326,39.3512,17.98,34.53,44.2844,40.665,37.0456,0,0,UNCERTAIN,PREPARE,,NONE,0.5836203268705857,41.01,-1.48,,,-6.481481481481488,-0.006516660518873785,,
2026-10-05,2474,可成,IGNORE,0,,,,,SAFE,,11.33,3.252,200.3153,32.73,41.07,211.3161,207.05,202.7839,0,0,UNCERTAIN,PREPARE,,NONE,0.6721007030148555,,,,,-0.7194244604316502,-0.0002414875633904856,,
2026-10-05,2472,立隆電,IGNORE,0,,,,,SAFE,,14.01,11.6436,257.0397,84.98,77.26,229.742,216.975,204.208,0,0,FAKE_B,PREPARE,,NONE,1.267411857842615,238.36,-4.76,,,8.872901678657064,0.04620347966355576,,
2026-10-05,2457,飛宏,IGNORE,0,7.0,7.0,0.0,,SAFE,,17.09,0.6404,22.539,67.17,68.32,23.0663,22.155,21.2437,21,7,UNCERTAIN,PREPARE,,NONE,1.0884094658026644,22.45,-1.12,,,0.0,0.0020311442112388445,,
2026-10-05,2458,義隆,IGNORE,0,6.0,6.0,6.0,,SAFE,,24.55,4.2331,154.0459,78.85,81.63,139.8188,131.525,123.2312,19,7,UNCERTAIN,LATE,,NONE,2.12128744093798,,,,,3.875968992248069,0.018817715263257817,,
2026-10-05,2460,建通,IGNORE,0,4.0,13.0,0.0,,SAFE,,20.52,1.0699,30.6173,79.48,76.5,31.632,29.8325,28.033,40,14,UNCERTAIN,BUILD,,NONE,0.7411856002867637,30.32,0.58,,,4.810996563573888,0.022374926673929485,,
2026-10-05,2464,盟立,IGNORE,0,,,,,SAFE,,19.07,11.9626,185.4906,54.86,67.66,208.7867,191.85,174.9133,0,0,UNCERTAIN,PREPARE,,NONE,1.5931062986972018,193.36,-1.22,,,6.406685236768794,-0.004430544696377381,,
2026-10-05,2465,麗臺,IGNORE,0,,,,,SAFE,,20.71,4.1114,92.033,68.09,63.59,99.6811,92.35,85.0189,0,0,UNCERTAIN,PREPARE,,NONE,0.6788402164205368,94.68,-3.99,,,1.905829596412567,-0.015701136978884533,,
2026-10-05,2466,冠西電,IGNORE,0,,,,,HIGH_RISK,,38.18,8.1767,105.9977,96.73,92.73,142.428,112.29,82.152,0,0,UNCERTAIN,PREPARE,,NONE,2.374915888227971,126.36,22.67,,,51.21951219512195,0.3803544393979872,,
2026-10-05,2492,華新科,IGNORE,0,,,,,HIGH_RISK,,17.88,23.2542,309.6657,82.57,66.84,355.1001,316.1,277.0999,0,0,UNCERTAIN,PREPARE,,NONE,2.8991970161599823,341.28,7.98,,,24.07407407407407,0.16577032584625107,,
2026-10-05,2493,揚博,IGNORE,0,5.0,0.0,,,HIGH_RISK,,10.34,11.7529,210.8606,81.54,70.25,210.6216,188.1,165.5784,0,1,UNCERTAIN,PREPARE,,NONE,1.4808146500525043,194.29,7.06,,,0.7263922518159882,0.10579479000531644,,
2026-10-05,2543,皇昌,IGNORE,0,,,,,SAFE,,18.36,0.8685,38.7024,15.24,27.18,39.5552,38.445,37.3348,0,0,UNCERTAIN,PREPARE,,NONE,1.1190491784610432,38.47,-1.08,,,-2.4358974358974383,-0.010274417999739938,,
2026-10-05,2548,華固,IGNORE,0,1.0,0.0,0.0,,SAFE,,8.98,1.5168,96.4287,11.03,19.83,96.3355,93.45,90.5645,0,0,FAKE_B,PREPARE,,NONE,1.238173834197884,,,,,-2.2435897435897356,-0.020866773675762507,,
2026-10-05,2597,潤弘,IGNORE,0,1.0,0.0,0.0,,NEUTRAL,,8.92,3.2169,166.4018,6.8,14.72,174.499,169.175,163.851,0,0,UNCERTAIN,PREPARE,,NONE,1.7387481737822954,168.62,-3.04,,,-4.941860465116276,-0.03354514555933208,,
2026-10-05,2603,長榮,IGNORE,0,,,,,SAFE,,13.51,6.194,222.2988,27.56,47.54,246.0071,237.375,228.7429,0,0,UNCERTAIN,PREPARE,556595.0,HEAVY,1.1246879984413245,224.2,4.59,,,-3.298969072164948,-0.012111637704054767,,
2026-10-05,2605,新興,IGNORE,0,,,,,SAFE,,24.28,1.2674,35.2987,15.99,32.19,37.5807,36.205,34.8293,0,0,UNCERTAIN,PREPARE,,NONE,0.5608180913452953,36.06,-2.53,,,-5.383580080753703,-0.029139621599226673,,
2026-10-05,2606,裕民,IGNORE,0,,,,,SAFE,,27.21,2.4488,71.6414,30.83,34.05,80.0003,76.425,72.8497,0,0,UNCERTAIN,PREPARE,,NONE,0.619090077289253,70.33,5.65,,,-3.506493506493513,-0.02780503761858033,,
2026-10-05,2609,陽明,IGNORE,0,,,,,SAFE,,20.95,1.8241,58.1935,25.47,33.51,61.7743,59.36,56.9457,0,0,UNCERTAIN,PREPARE,907520.0,HEAVY,0.4901193364687153,58.8,-0.16,,,-5.32258064516129,-0.011118598382749312,,
2026-10-05,2615,萬海,IGNORE,0,,,,,NEUTRAL,,24.14,4.9274,108.4113,16.5,27.7,119.9785,114.225,108.4715,0,0,UNCERTAIN,PREPARE,1358620.0,HEAVY,0.5283095644954758,101.76,8.59,,,-8.298755186721996,-0.03261107463339896,,
2026-10-05,2617,台航,IGNORE,0,,,,,SAFE,,22.87,0.8782,31.3374,26.93,26.63,34.0947,32.5825,31.0703,0,0,UNCERTAIN,PREPARE,,NONE,0.7321314448894476,32.16,-0.19,,,-3.0211480362537735,-0.014808562878846021,,
2026-10-05,2618,長榮航,IGNORE,0,,,,,SAFE,,7.63,0.9869,41.8291,51.29,57.63,43.028,42.11,41.192,0,0,UNCERTAIN,PREPARE,,NONE,0.5810066366530175,40.69,2.98,,,-0.3567181926278251,-0.004986938969365973,,
2026-10-05,2630,亞航,IGNORE,0,1.0,0.0,0.0,,SAFE,,9.36,1.3233,54.5814,29.01,32.02,49.8204,47.4575,45.0946,0,0,UNCERTAIN,PREPARE,,NONE,1.0663792091264157,46.86,-1.52,,,-1.8085106382978777,-0.027550966654374953,,
2026-10-05,2633,台灣高鐵,IGNORE,0,4.0,2.0,,,SAFE,,15.16,0.2438,25.9485,50.72,34.85,26.2557,25.835,25.4143,6,2,UNCERTAIN,PREPARE,,NONE,0.6762452440954363,,,,,-1.5355086372360938,-0.007160828333655944,,
2026-10-05,2542,興富發,IGNORE,0,1.0,0.0,0.0,,NEUTRAL,,29.37,1.2239,44.5452,2.81,7.24,52.1145,44.0175,35.9205,0,0,UNCERTAIN,PREPARE,,NONE,0.886028322170926,,,,,-18.783351120597658,-0.13557107968421656,,
2026-10-05,2540,愛山林,IGNORE,0,,,,,SAFE,,11.72,1.3804,52.8997,21.4,35.19,50.5574,48.6025,46.6476,0,0,UNCERTAIN,PREPARE,,NONE,0.9952314595114489,49.99,-5.09,,,-4.623115577889436,-0.023712771976750147,,
2026-10-05,2498,宏達電,IGNORE,0,7.0,2.0,,,SAFE,,22.81,1.4259,43.9913,77.55,81.94,43.6811,41.0175,38.3539,8,4,UNCERTAIN,PREPARE,,NONE,0.9134338369669733,,,,,5.520702634880803,0.02517218260498555,,
2026-10-05,2501,國建,IGNORE,0,1.0,0.0,0.0,,NEUTRAL,,14.92,0.4343,22.2558,2.32,6.42,22.8012,21.575,20.3488,0,0,UNCERTAIN,PREPARE,,NONE,1.8586553722344588,,,,,-4.906542056074759,-0.056778679026651124,,
2026-10-05,2504,國產,IGNORE,0,,,,,SAFE,,6.89,0.5051,31.0796,31.84,27.09,31.7702,31.025,30.2798,0,0,FAKE_B,PREPARE,,NONE,1.5645323627484127,,,,,0.32414910858995505,-0.00241740531829171,,
2026-10-05,2520,冠德,IGNORE,0,,,,,SAFE,,21.59,0.8884,35.8243,19.45,29.62,37.9686,36.9575,35.9464,0,0,UNCERTAIN,PREPARE,,NONE,0.532649930536108,36.51,0.38,,,-1.8741633199464647,-0.008320367990259037,,
2026-10-05,2528,皇普,IGNORE,0,1.0,0.0,0.0,,NEUTRAL,,17.64,0.4318,20.5131,6.6,17.17,20.621,19.7575,18.894,0,0,UNCERTAIN,PREPARE,,NONE,1.9538121159068371,20.68,-7.87,,,-3.544303797468351,-0.03580918638491715,,
2026-10-05,2530,華建,IGNORE,0,4.0,17.0,0.0,,SAFE,,27.79,0.507,19.6851,10.88,24.98,20.6627,20.085,19.5073,52,18,UNCERTAIN,BUILD,,NONE,1.1200795085922939,,,,,-1.4888337468982438,-0.011700273836196096,,
2026-10-05,2539,櫻花建,IGNORE,0,1.0,0.0,0.0,,NEUTRAL,,18.93,0.76,38.6538,8.95,18.92,36.0964,34.7325,33.3686,0,0,UNCERTAIN,PREPARE,,NONE,2.0007750087361478,37.07,-9.63,,,-2.6162790697674354,-0.035485496293097274,,
2026-10-05,2915,潤泰全,IGNORE,0,,,,,SAFE,,15.05,1.1101,55.8922,21.89,44.83,60.3013,57.955,55.6087,0,0,UNCERTAIN,PREPARE,,NONE,1.0025972041497568,56.96,-0.1,,,-2.901023890784993,-0.01820377879389179,,
2026-10-05,3162,精確,IGNORE,0,,,,,HIGH_RISK,,46.19,4.6531,74.6264,91.81,88.51,87.9228,75.215,62.5072,0,0,UNCERTAIN,PREPARE,,NONE,1.2367996021340801,76.58,13.48,,-580.0,18.715846994535525,0.15535465000332382,,
2026-10-05,3189,景碩,IGNORE,0,,,,,HIGH_RISK,,22.23,59.8693,843.5199,98.51,94.63,1069.2181,881.35,693.4819,0,0,UNCERTAIN,PREPARE,121368.0,HEAVY,1.515987989108567,935.81,17.01,,,36.024844720496894,0.24241220854371126,,
2026-10-05,3209,全科,IGNORE,0,8.0,6.0,0.0,,SAFE,,18.14,1.1065,52.5973,71.43,60.82,46.7085,45.57,44.4315,18,6,FAKE_B,PREPARE,,NONE,1.0862415417974431,,,,,1.6538037486218293,0.011630458635066843,,
2026-10-05,3211,順達,IGNORE,0,,,,,SAFE,,16.83,21.5946,386.9947,92.91,78.84,410.6456,382.35,354.0544,0,0,UNCERTAIN,PREPARE,,NONE,0.8500076209539442,392.95,1.54,,-124.0,10.068965517241368,0.0435464888191448,,
2026-10-05,3152,璟德,WAIT,0,10.0,1.0,,,SAFE,,35.99,7.836,250.764,85.28,65.86,251.977,231.6,211.223,0,1,UNCERTAIN,PREPARE,,NONE,1.0025994809358685,244.67,-1.91,,-32.0,9.339407744874716,0.0362694300518136,,
2026-10-05,3092,鴻碩,IGNORE,0,11.0,3.0,0.0,,SAFE,,22.11,0.8935,25.6484,66.67,66.74,24.8307,23.205,21.5793,9,3,UNCERTAIN,PREPARE,,NONE,1.0885939568319132,23.61,2.1,,,8.803611738149009,0.038569273863391595,,
2026-10-05,3093,港建*,WAIT,0,10.0,1.0,,,SAFE,,40.26,1.6976,48.6569,83.36,64.66,49.194,45.515,41.836,0,1,UNCERTAIN,PREPARE,,NONE,1.0187953117231956,46.6,0.23,,51.0,7.110091743119273,0.026035372953971292,,
2026-10-05,3094,聯傑,IGNORE,0,,,,,HIGH_RISK,,50.33,3.9777,51.0182,95.18,92.21,71.2821,51.5975,31.9129,0,0,UNCERTAIN,PREPARE,,NONE,1.5209768731384694,52.93,30.37,,,46.808510638297875,0.3372740927370512,,
2026-10-05,3105,穩懋,IGNORE,0,,,,,HIGH_RISK,,57.26,34.0783,427.1769,95.05,86.69,580.8873,481.0,381.1127,0,0,UNCERTAIN,PREPARE,,NONE,1.5475853643602628,591.0,4.06,,-1039.0,38.51351351351351,0.2785862785862785,,
2026-10-05,3135,凌航,IGNORE,0,,,,,NEUTRAL,,12.43,4.7804,167.1823,15.99,14.97,173.3559,162.275,151.1941,0,0,UNCERTAIN,PREPARE,,NONE,1.0064770217207855,,,,,-2.786377708978327,-0.03250654752734561,,
2026-10-05,3138,耀登,IGNORE,0,4.0,2.0,1.0,,HIGH_RISK,,26.44,4.3496,100.4787,56.99,50.4,108.847,96.755,84.663,8,4,UNCERTAIN,PREPARE,,NONE,1.539496059464244,102.92,2.02,,,0.4784688995215225,0.08521523435481382,,
2026-10-05,3149,正達,IGNORE,0,5.0,0.0,5.0,,HIGH_RISK,,24.67,3.5399,71.2282,96.48,90.25,77.3008,65.165,53.0292,2,4,UNCERTAIN,LATE,,NONE,1.837378637060681,79.5,0.0,,,28.2258064516129,0.2199800506406815,,
2026-10-05,3221,台嘉碩,IGNORE,0,,,,,HIGH_RISK,,33.78,2.7748,50.8542,92.18,80.16,55.4986,49.6425,43.7864,0,0,UNCERTAIN,PREPARE,,NONE,2.2398419932189615,52.55,5.99,,239.0,21.218715995647443,0.12202246059324184,,
2026-10-05,3226,龍鋒,IGNORE,0,,,,,HIGH_RISK,,73.4,1.7079,55.6016,87.2,93.37,64.2107,56.925,49.6393,0,0,UNCERTAIN,PREPARE,,NONE,0.2623748248999132,,,,13.0,12.343470483005369,0.10320597277119026,,
2026-10-05,3305,昇貿,IGNORE,0,11.0,1.0,,,SAFE,,11.55,3.4435,111.9294,97.25,90.06,110.7103,103.8,96.8897,1,2,UNCERTAIN,PREPARE,,NONE,1.1871371856650723,106.7,2.16,,,7.920792079207928,0.050096339113680166,,
2026-10-05,3312,弘憶股,IGNORE,0,6.0,7.0,0.0,,SAFE,,13.47,2.065,51.4138,40.22,48.38,55.2604,50.5825,45.9046,21,7,UNCERTAIN,PREPARE,,NONE,0.6899757455662427,51.7,0.0,,,6.0512820512820475,0.022092620965749044,,
2026-10-05,3317,尼克森,IGNORE,0,6.0,0.0,,,HIGH_RISK,,57.31,3.5768,70.4987,83.7,71.36,72.8772,62.17,51.4628,0,0,UNCERTAIN,PREPARE,,NONE,2.5229577940979597,67.77,5.95,,420.0,31.26142595978061,0.15489786070451972,,
2026-10-05,3323,加百裕,IGNORE,0,8.0,0.0,,,NEUTRAL,,41.1,0.9492,30.2217,91.51,75.64,31.3018,28.61,25.9182,0,1,UNCERTAIN,PREPARE,,NONE,2.268666440763746,30.35,0.82,,-90.0,14.606741573033721,0.06955609926599116,,
2026-10-05,3324,雙鴻,IGNORE,0,,,,,HIGH_RISK,,57.22,105.2796,1198.1609,62.67,68.49,1749.6472,1412.75,1075.8528,0,0,UNCERTAIN,PREPARE,36230.0,MEDIUM,1.0581882330450527,1248.56,24.14,,586.0,18.77394636015326,0.09715094673509106,,
2026-10-05,3338,泰碩,IGNORE,0,,,,,SAFE,,15.62,1.9585,65.3784,95.76,89.23,69.9184,67.14,64.3616,0,0,UNCERTAIN,PREPARE,,NONE,1.9313062993643635,67.21,4.3,,,6.212121212121202,0.04408698242478404,,
2026-10-05,3293,鈊象,IGNORE,0,4.0,0.0,6.0,,HIGH_RISK,,38.49,20.7996,727.2368,86.95,85.77,809.4511,732.5,655.5489,1,3,UNCERTAIN,LATE,,NONE,0.38609853464102073,777.23,2.16,,-147.0,13.59084406294706,0.08395904436860069,,
2026-10-05,3289,宜特,WAIT,25,6.0,5.0,0.0,,SAFE,,45.62,4.011,142.5875,87.44,78.16,146.1067,138.025,129.9433,15,5,UNCERTAIN,PREPARE,,NONE,2.02170274738672,142.92,-1.35,,272.0,6.015037593984962,0.02155406629233836,,
2026-10-05,3227,原相,WAIT,5,10.0,1.0,,,SAFE,,51.93,3.9014,198.6184,89.39,71.6,198.5025,187.725,176.9475,0,1,UNCERTAIN,PREPARE,,NONE,1.520244660112878,185.85,1.42,,-57.0,4.143646408839774,0.004128379278199423,,
2026-10-05,3228,金麗科,IGNORE,0,,,,,SAFE,,31.24,8.8507,162.7441,70.77,71.04,185.6306,170.975,156.3194,0,0,UNCERTAIN,PREPARE,,NONE,0.8626863823695008,175.04,-1.74,,0.0,3.92749244712991,0.005995028512940426,,
2026-10-05,3230,錦明,IGNORE,0,6.0,,,,NEUTRAL,,21.35,2.0221,44.2259,57.16,52.54,46.2547,42.52,38.7853,0,0,UNCERTAIN,PREPARE,,NONE,0.9005176645520337,51.05,-20.17,,-29.0,-2.511961722488032,-0.041627469426152475,,
2026-10-05,3231,緯創,IGNORE,0,,,,,SAFE,,17.74,6.433,179.5473,76.09,65.12,195.8577,186.425,176.9923,0,0,UNCERTAIN,PREPARE,1223481.0,HEAVY,0.9899156195179394,183.07,3.51,,,1.608579088471851,0.01649456886147238,,
2026-10-05,3234,光環,IGNORE,0,,,,,SAFE,,32.77,11.5249,174.0146,70.57,53.92,205.3866,182.675,159.9634,0,0,UNCERTAIN,PREPARE,,NONE,1.2893740165949794,181.38,-0.76,,0.0,3.4482758620689724,-0.01464349254139874,,
2026-10-05,3236,千如,IGNORE,0,4.0,7.0,3.0,,HIGH_RISK,,31.79,2.8499,46.8015,91.29,76.8,51.5181,45.095,38.6719,24,10,UNCERTAIN,PREPARE,,NONE,5.568632139422405,49.09,8.99,,260.0,24.129930394431543,0.18638429981150906,,
2026-10-05,3260,威剛,IGNORE,0,5.0,,,,NEUTRAL,,34.93,10.2691,402.8919,10.11,11.67,424.3189,395.65,366.9811,0,0,UNCERTAIN,PREPARE,,NONE,0.8638150370554226,396.2,-4.59,,189.0,-5.025125628140703,-0.04461013522052315,,
2026-10-05,3264,欣銓,IGNORE,0,,,,,SAFE,,39.76,11.5468,226.0835,70.35,69.11,253.94,234.225,214.51,0,0,UNCERTAIN,PREPARE,186648.0,HEAVY,1.8956365465912328,243.12,-0.67,,1671.0,6.153846153846154,0.03105987832212609,,
2026-10-05,3265,台星科,IGNORE,0,,,,,NEUTRAL,,34.39,8.5559,174.9459,93.49,81.51,193.8441,175.95,158.0559,0,0,UNCERTAIN,PREPARE,,NONE,1.1508601622659642,188.0,0.0,,-238.0,15.337423312883436,0.06848536516055703,,
2026-10-05,3090,日電貿,IGNORE,0,,,,,SAFE,,8.8,8.4312,173.1501,82.72,69.14,175.835,166.15,156.465,0,0,UNCERTAIN,PREPARE,,NONE,1.4972878223156108,168.14,2.89,,,8.125000000000004,0.04122780619921751,,
2026-10-05,3088,艾訊,WAIT,0,7.0,2.0,5.0,,NEUTRAL,,50.08,4.4553,133.3116,83.2,82.62,136.6483,126.8,116.9517,10,6,UNCERTAIN,LATE,,NONE,1.0683440358740164,135.1,-0.44,,26.0,8.467741935483875,0.06072555205047325,,
2026-10-05,3022,威強電,IGNORE,0,7.0,9.0,0.0,,SAFE,,15.02,3.1079,94.2777,64.9,74.3,96.9124,89.695,82.4776,27,9,UNCERTAIN,PREPARE,,NONE,0.43801685494822884,94.68,-2.83,,,3.487064116985361,0.025698199453704218,,
2026-10-05,3023,信邦,IGNORE,0,,,,,SAFE,,12.41,10.1045,309.9904,42.15,22.58,339.0998,320.375,301.6502,0,0,UNCERTAIN,PREPARE,,NONE,1.9175714789701506,320.11,0.75,,,1.7350157728706517,0.00663285212641429,,
2026-10-05,3026,禾伸堂,IGNORE,0,,,,,SAFE,,25.36,56.7069,718.059,74.01,77.44,852.5929,777.5,702.4071,0,0,UNCERTAIN,PREPARE,,NONE,0.9319592893102814,836.28,-2.31,,,7.499999999999996,0.0508038585209003,,
2026-10-05,3028,增你強,IGNORE,0,7.0,7.0,0.0,,SAFE,,8.54,1.5176,67.2122,88.63,79.02,64.0684,62.28,60.4916,21,7,UNCERTAIN,PREPARE,,NONE,1.8578570763211932,63.4,-0.0,,,3.764320785597386,0.017983301220295234,,
2026-10-05,3029,零壹,IGNORE,0,,,,,SAFE,,28.3,4.048,114.2597,19.22,34.83,125.0032,117.05,109.0968,0,0,UNCERTAIN,PREPARE,,NONE,0.28329547562411245,115.66,1.6,,,1.2931034482758674,0.003844510892780928,,
2026-10-05,3030,德律,IGNORE,0,10.0,0.0,,,HIGH_RISK,,13.1,10.8141,285.5897,96.68,88.7,299.3566,273.4,247.4434,0,1,UNCERTAIN,PREPARE,,NONE,2.9877795684277677,283.79,7.65,,,15.719696969696972,0.11741038771031476,,
2026-10-05,3031,佰鴻,IGNORE,0,,,,,HIGH_RISK,,36.78,1.657,28.2685,95.87,92.27,33.9933,27.235,20.4767,0,0,UNCERTAIN,PREPARE,,NONE,2.080438966731727,32.13,2.39,,,23.452157598499056,0.20800440609509807,,
2026-10-05,3033,威健,IGNORE,0,10.0,4.0,0.0,,SAFE,,11.45,1.0591,48.9355,83.47,79.05,43.5849,42.08,40.5751,12,4,UNCERTAIN,PREPARE,95792.0,HEAVY,0.7786079153370404,42.41,-0.03,,,1.4354066985645897,0.0076045627376426506,,
2026-10-05,3019,亞光,IGNORE,0,,,,,SAFE,,15.94,4.7166,139.5356,86.69,71.15,143.8265,137.575,131.3235,0,0,UNCERTAIN,PREPARE,,NONE,1.443590503970131,141.62,-0.09,,,3.663003663003672,0.028529892785753352,,
2026-10-05,3003,健和興,IGNORE,0,10.0,4.0,0.0,,SAFE,,14.84,1.7719,64.5517,78.53,78.73,62.8171,59.145,55.4729,12,4,UNCERTAIN,PREPARE,,NONE,0.8707102358839888,65.3,-8.43,,,2.572898799313883,0.011074477977850883,,
2026-10-05,3005,神基,IGNORE,0,,,,,SAFE,,16.55,2.4251,113.6573,37.1,48.67,119.8452,116.3,112.7548,0,0,UNCERTAIN,PREPARE,,NONE,0.7107262947093959,110.05,6.32,,,-0.8474576271186418,0.006018916595012858,,
2026-10-05,3006,晶豪科,IGNORE,0,,,,,SAFE,,16.91,15.6685,260.2133,60.53,55.0,308.5081,285.0,261.4919,0,0,UNCERTAIN,PREPARE,,NONE,1.0299839663777441,274.47,2.75,,,1.2567324955116588,-0.010526315789473717,,
2026-10-05,3008,大立光,IGNORE,0,,,,,SAFE,,18.34,388.9257,5411.2861,62.78,43.73,7124.5983,6398.25,5671.9017,0,0,UNCERTAIN,PREPARE,,NONE,1.2541099325514695,,,,,11.794019933554821,0.051850115265893004,,
2026-10-05,3013,晟銘電,IGNORE,0,9.0,0.0,,,HIGH_RISK,,16.49,3.5514,81.4756,88.38,79.36,93.1547,85.755,78.3553,1,2,UNCERTAIN,PREPARE,6379.0,LIGHT,1.9870158417026178,,,,,12.72727272727272,0.08448486968689872,,
2026-10-05,3016,嘉晶,IGNORE,0,,,,,HIGH_RISK,,44.41,9.5596,126.1056,98.09,97.26,190.4864,131.125,71.7636,0,0,UNCERTAIN,PREPARE,,NONE,0.24949477077634893,150.9,20.28,,,57.14285714285714,0.3841754051477597,,
2026-10-05,3017,奇鋐,IGNORE,0,,,,,SAFE,,13.89,196.347,2851.4886,75.23,72.12,3651.4535,3395.0,3138.5465,0,0,UNCERTAIN,PREPARE,213177.0,HEAVY,1.512263863520372,3144.98,13.99,,,12.558869701726838,0.055964653902798256,,
2026-10-05,3034,聯詠,IGNORE,0,,,,,SAFE,,19.02,17.3034,520.9422,24.6,30.34,559.954,544.35,528.746,0,0,UNCERTAIN,PREPARE,276255.0,HEAVY,0.7965569427946867,520.47,4.33,,,-0.3669724770642202,-0.002480022044640484,,
2026-10-05,3035,智原,IGNORE,0,,,,,HIGH_RISK,,26.0,8.7924,185.1013,99.13,95.95,224.9621,190.675,156.3879,0,0,UNCERTAIN,PREPARE,47980.0,MEDIUM,1.4150843342774915,193.42,11.67,,,20.67039106145252,0.13281762160744726,,
2026-10-05,3059,華晶科,IGNORE,0,7.0,9.0,0.0,,SAFE,,19.52,0.8129,40.2225,64.51,65.44,39.2179,38.1175,37.0171,27,9,UNCERTAIN,PREPARE,,NONE,1.1760622462613595,39.85,-4.03,,,-0.13054830287205776,0.0034760936577686863,,
2026-10-05,3060,銘異,IGNORE,0,5.0,1.0,5.0,,NEUTRAL,,19.37,1.027,29.8492,90.53,86.68,28.7088,26.88,25.0512,2,5,UNCERTAIN,LATE,,NONE,1.9357130131076754,28.65,-0.53,,,6.941838649155718,0.060267857142856984,,
2026-10-05,3062,建漢,IGNORE,0,,,,,SAFE,,25.85,0.6697,21.4763,68.08,69.16,23.459,21.44,19.421,0,0,UNCERTAIN,PREPARE,,NONE,1.0913994744665112,21.24,6.87,,,7.0754716981132,0.058768656716417844,,
2026-10-05,3066,李洲,IGNORE,0,,,,,NEUTRAL,,51.2,1.6983,26.1136,80.05,81.39,30.5281,26.2775,22.0269,0,0,UNCERTAIN,PREPARE,,NONE,0.8460386534443611,28.42,-1.29,,17.0,19.108280254777064,0.06745314432499283,,
2026-10-05,3071,協禧,IGNORE,0,1.0,0.0,0.0,,NEUTRAL,,45.91,0.5092,24.9868,14.63,17.54,25.2494,23.6775,22.1056,0,0,UNCERTAIN,PREPARE,,NONE,1.1616002449862826,23.05,-1.5,,15.0,-3.404255319148941,-0.041283919332699925,,
2026-10-05,3081,聯亞,IGNORE,0,5.0,,,,SAFE,,38.98,203.3724,2863.0323,57.3,29.15,3519.8336,2943.75,2367.6664,0,0,UNCERTAIN,PREPARE,,NONE,1.895382951792697,3062.08,-2.03,,591.0,9.289617486338809,0.019108280254777066,,
2026-10-05,3051,力特,IGNORE,0,5.0,5.0,4.0,,SAFE,,17.92,0.7643,22.5997,74.79,79.78,23.8348,22.12,20.4052,17,7,UNCERTAIN,PREPARE,,NONE,1.6228123107351191,22.88,0.08,,,5.5299539170506895,0.03526220614828213,,
2026-10-05,3036,文曄,IGNORE,0,,,,,NEUTRAL,,15.62,6.0256,204.118,98.13,95.76,217.9419,200.575,183.2081,0,0,UNCERTAIN,PREPARE,367817.0,HEAVY,0.8370181986432248,,,,,4.656862745098045,0.06443973575969086,,
2026-10-05,3037,欣興,IGNORE,0,,,,,HIGH_RISK,,22.5,68.1467,943.2624,97.83,93.6,1323.2472,1062.1,800.9528,0,0,UNCERTAIN,PREPARE,697383.0,HEAVY,1.5508626519575435,1088.18,21.76,,,40.95744680851063,0.24752848131061111,,
2026-10-05,3042,晶技,IGNORE,0,,,,,HIGH_RISK,,23.79,13.3348,188.7597,92.55,92.84,226.9403,191.4,155.8597,0,0,UNCERTAIN,PREPARE,,NONE,1.8856935285002012,183.3,21.11,,,24.369747899159666,0.15987460815047028,,
2026-10-05,3044,健鼎,IGNORE,0,,,,,NEUTRAL,,27.38,20.0968,461.0969,86.01,80.86,557.5833,516.4,475.2167,0,0,UNCERTAIN,PREPARE,,NONE,1.0878185935722913,536.72,3.78,,,10.956175298804771,0.07862122385747483,,
2026-10-05,3048,益登,IGNORE,0,10.0,4.0,2.0,,SAFE,,14.5,1.6052,55.0222,91.37,80.7,54.1108,51.515,48.9192,12,4,UNCERTAIN,PREPARE,,NONE,1.8284647074271112,53.6,0.0,,,6.349206349206349,0.04047364845190726,,
2026-10-05,3045,台灣大,IGNORE,0,,,,,SAFE,,36.57,1.962,114.3897,46.74,45.65,126.1435,121.575,117.0065,0,0,UNCERTAIN,PREPARE,,NONE,0.983604332059026,113.66,7.78,,,-1.2096774193548376,0.0076084721365412555,,
